id,title,description,availability,condition,price,sale_price,link,image_link,additional_image_link,brand,item_group_id,google_product_category,product_type,color,size,gender,age_group,material,pattern,custom_label_0,custom_label_1,custom_label_2,custom_label_3,custom_label_4
109,Beige pantalon hoge taille (S),"Elegante zwarte high-waisted broek met een rechte pasvorm. Voorzien van riemlussen, twee goudkleurige knopen aan de voorkant en een handige ritssluiting. Functionele voorzakken en stijlvolle nepzakken achter. Een classy en chique must-have voor elke garderobe!",in stock,new,39.95 EUR,15.00 EUR,https://www.lou-marie.be/nl/shop/beige-pantalon-hoge-taille-52?attribute_values=1,https://www.lou-marie.be/web/image/product.product/109/image_1920?unique=592b066,"https://www.lou-marie.be/web/image/product.image/42/image_1920?unique=0249067,https://www.lou-marie.be/web/image/product.image/43/image_1920?unique=0249067,https://www.lou-marie.be/web/image/product.image/44/image_1920?unique=0249067",Lou-Marie,52,Apparel & Accessories > Clothing > Pants,"Broeken, shorts en rokken",beige,S,female,adult,,,,tot 25,"Broeken, shorts en rokken",aanbieding,
110,Beige pantalon hoge taille (L),"Elegante zwarte high-waisted broek met een rechte pasvorm. Voorzien van riemlussen, twee goudkleurige knopen aan de voorkant en een handige ritssluiting. Functionele voorzakken en stijlvolle nepzakken achter. Een classy en chique must-have voor elke garderobe!",in stock,new,39.95 EUR,15.00 EUR,https://www.lou-marie.be/nl/shop/beige-pantalon-hoge-taille-52?attribute_values=3,https://www.lou-marie.be/web/image/product.product/110/image_1920?unique=592b066,"https://www.lou-marie.be/web/image/product.image/42/image_1920?unique=0249067,https://www.lou-marie.be/web/image/product.image/43/image_1920?unique=0249067,https://www.lou-marie.be/web/image/product.image/44/image_1920?unique=0249067",Lou-Marie,52,Apparel & Accessories > Clothing > Pants,"Broeken, shorts en rokken",beige,L,female,adult,,,,tot 25,"Broeken, shorts en rokken",aanbieding,
111,Beige pantalon hoge taille (M),"Elegante zwarte high-waisted broek met een rechte pasvorm. Voorzien van riemlussen, twee goudkleurige knopen aan de voorkant en een handige ritssluiting. Functionele voorzakken en stijlvolle nepzakken achter. Een classy en chique must-have voor elke garderobe!",in stock,new,39.95 EUR,15.00 EUR,https://www.lou-marie.be/nl/shop/beige-pantalon-hoge-taille-52?attribute_values=2,https://www.lou-marie.be/web/image/product.product/111/image_1920?unique=592b066,"https://www.lou-marie.be/web/image/product.image/42/image_1920?unique=0249067,https://www.lou-marie.be/web/image/product.image/43/image_1920?unique=0249067,https://www.lou-marie.be/web/image/product.image/44/image_1920?unique=0249067",Lou-Marie,52,Apparel & Accessories > Clothing > Pants,"Broeken, shorts en rokken",beige,M,female,adult,,,,tot 25,"Broeken, shorts en rokken",aanbieding,
239,"Bikerjasje suèdine, donkergroen (M)","Donkergroen bikerjasje in suèdinelook met superzachte stretchstof. Draagt aangenaam, beweegt met je mee en combineert moeiteloos met je favoriete jeans of pantalon. Stoer en comfortabel tegelijk.",in stock,new,49.95 EUR,25.00 EUR,https://www.lou-marie.be/nl/shop/bikerjasje-suedine-donkergroen-121?attribute_values=2,https://www.lou-marie.be/web/image/product.product/239/image_1920?unique=cced253,"https://www.lou-marie.be/web/image/product.image/216/image_1920?unique=f819dc9,https://www.lou-marie.be/web/image/product.image/217/image_1920?unique=f819dc9",Lou-Marie,121,Apparel & Accessories > Clothing > Outerwear > Coats & Jackets,Jassen en blazers,donkergroen,M,female,adult,suedine,,ads,25 tot 40,Jassen en blazers,aanbieding,
240,"Bikerjasje suèdine, donkergroen (L)","Donkergroen bikerjasje in suèdinelook met superzachte stretchstof. Draagt aangenaam, beweegt met je mee en combineert moeiteloos met je favoriete jeans of pantalon. Stoer en comfortabel tegelijk.",in stock,new,49.95 EUR,25.00 EUR,https://www.lou-marie.be/nl/shop/bikerjasje-suedine-donkergroen-121?attribute_values=3,https://www.lou-marie.be/web/image/product.product/240/image_1920?unique=cced253,"https://www.lou-marie.be/web/image/product.image/216/image_1920?unique=f819dc9,https://www.lou-marie.be/web/image/product.image/217/image_1920?unique=f819dc9",Lou-Marie,121,Apparel & Accessories > Clothing > Outerwear > Coats & Jackets,Jassen en blazers,donkergroen,L,female,adult,suedine,,ads,25 tot 40,Jassen en blazers,aanbieding,
298,Blauw gebreid vest met detailknopen,"Felblauw oversized gebreid vest met gouden sierknopen in zeethema. De sprankelende kleur doet denken aan zon, zee en strand — een blikvanger over een effen top.",in stock,new,44.95 EUR,30.00 EUR,https://www.lou-marie.be/nl/shop/blauw-gebreid-vest-met-detailknopen-153?attribute_values=9,https://www.lou-marie.be/web/image/product.product/298/image_1920?unique=200608f,"https://www.lou-marie.be/web/image/product.image/243/image_1920?unique=e5051f8,https://www.lou-marie.be/web/image/product.image/244/image_1920?unique=81ff7ac,https://www.lou-marie.be/web/image/product.image/245/image_1920?unique=81ff7ac",Lou-Marie,,Apparel & Accessories > Clothing > Shirts & Tops,Truien en vesten,blauw,one size,female,adult,gebreid,,,25 tot 40,Truien en vesten,aanbieding,
210,Blauw zomershort glitter & bloemen (S/M),"Zomershort met kleurrijke bloemenprint en een subtiele zilveren glans. Licht, vrolijk en zomers — ideaal voor vakantie of een warme dag in de stad.",in stock,new,44.95 EUR,15.00 EUR,https://www.lou-marie.be/nl/shop/blauw-zomershort-glitter-bloemen-107?attribute_values=15,https://www.lou-marie.be/web/image/product.product/210/image_1920?unique=9fd178f,,Lou-Marie,107,Apparel & Accessories > Clothing > Shorts,"Broeken, shorts en rokken",blauw,S/M,female,adult,,bloemenprint,,tot 25,"Broeken, shorts en rokken",aanbieding,
211,Blauw zomershort glitter & bloemen (M/L),"Zomershort met kleurrijke bloemenprint en een subtiele zilveren glans. Licht, vrolijk en zomers — ideaal voor vakantie of een warme dag in de stad.",in stock,new,44.95 EUR,15.00 EUR,https://www.lou-marie.be/nl/shop/blauw-zomershort-glitter-bloemen-107?attribute_values=16,https://www.lou-marie.be/web/image/product.product/211/image_1920?unique=9fd178f,,Lou-Marie,107,Apparel & Accessories > Clothing > Shorts,"Broeken, shorts en rokken",blauw,M/L,female,adult,,bloemenprint,,tot 25,"Broeken, shorts en rokken",aanbieding,
133,Blauwe jeansrok parel,"Deze lange denim rok combineert een klassieke look met elegante details. De split aan de voorkant zorgt voor een stijlvolle en flatterende pasvorm, terwijl de vijf praktische zakken een casual touch toevoegen. De subtiele parelversieringen langs de voorzakken geven een extra vleugje verfijning.",in stock,new,54.95 EUR,25.00 EUR,https://www.lou-marie.be/nl/shop/blauwe-jeansrok-parel-57?attribute_values=12,https://www.lou-marie.be/web/image/product.product/133/image_1920?unique=5495cd6,"https://www.lou-marie.be/web/image/product.image/53/image_1920?unique=9ac04ef,https://www.lou-marie.be/web/image/product.image/134/image_1920?unique=ce03256",Lou-Marie,,Apparel & Accessories > Clothing > Skirts,"Broeken, shorts en rokken",blauw,40,female,adult,denim,,,25 tot 40,"Broeken, shorts en rokken",aanbieding,
206,Blauwe zomerjurk tetra,"Korte blauwe zomerjurk in zachte, ademende tetrastof. Effen, elegant en heerlijk comfortabel — precies wat je wil op de warmere dagen.",in stock,new,44.95 EUR,15.00 EUR,https://www.lou-marie.be/nl/shop/blauwe-zomerjurk-tetra-104?attribute_values=9,https://www.lou-marie.be/web/image/product.product/206/image_1920?unique=0f82921,,Lou-Marie,,Apparel & Accessories > Clothing > Dresses,Jurken,blauw,one size,female,adult,,,,tot 25,Jurken,aanbieding,
27,Blouse met ruches in luipaardprint (S),Elegante blouse met subtiele ruches en een moderne luipaardprint. Verfijnd maar opvallend — een feestelijke keuze die je ook naar kantoor draagt.,in stock,new,39.95 EUR,25.00 EUR,https://www.lou-marie.be/nl/shop/blouse-met-ruches-in-luipaardprint-15?attribute_values=1,https://www.lou-marie.be/web/image/product.product/27/image_1920?unique=5ace8b7,"https://www.lou-marie.be/web/image/product.image/219/image_1920?unique=3bfe5cb,https://www.lou-marie.be/web/image/product.image/220/image_1920?unique=3bfe5cb",Lou-Marie,15,Apparel & Accessories > Clothing > Shirts & Tops,Blouses en tops,,S,female,adult,,luipaardprint,,25 tot 40,Blouses en tops,aanbieding,
28,Blouse met ruches in luipaardprint (M),Elegante blouse met subtiele ruches en een moderne luipaardprint. Verfijnd maar opvallend — een feestelijke keuze die je ook naar kantoor draagt.,in stock,new,39.95 EUR,25.00 EUR,https://www.lou-marie.be/nl/shop/blouse-met-ruches-in-luipaardprint-15?attribute_values=2,https://www.lou-marie.be/web/image/product.product/28/image_1920?unique=5ace8b7,"https://www.lou-marie.be/web/image/product.image/219/image_1920?unique=3bfe5cb,https://www.lou-marie.be/web/image/product.image/220/image_1920?unique=3bfe5cb",Lou-Marie,15,Apparel & Accessories > Clothing > Shirts & Tops,Blouses en tops,,M,female,adult,,luipaardprint,,25 tot 40,Blouses en tops,aanbieding,
251,Bruine pantalon met gouden knopen,"Donkerbruine pantalon met gouden sierknopen die zorgen voor een elegante touch. De perfecte mix van stijl en comfort, van dag naar avond.",in stock,new,49.95 EUR,25.00 EUR,https://www.lou-marie.be/nl/shop/bruine-pantalon-met-gouden-knopen-123?attribute_values=14,https://www.lou-marie.be/web/image/product.product/251/image_1920?unique=3981467,"https://www.lou-marie.be/web/image/product.image/128/image_1920?unique=3e2cf7e,https://www.lou-marie.be/web/image/product.image/129/image_1920?unique=3e2cf7e,https://www.lou-marie.be/web/image/product.image/146/image_1920?unique=9ab2ce7",Lou-Marie,,Apparel & Accessories > Clothing > Pants,"Broeken, shorts en rokken",bruin,44,female,adult,,,Laatste stuk,25 tot 40,"Broeken, shorts en rokken",aanbieding,
295,Donkerblauwe blazer tweed met gouden knopen (38),"Donkerblauwe blazer in hoogwaardige tweedstof, subtiel verweven met glanzend gouddraad. Chic en feestelijk — mooi over een effen top met een pantalon.",in stock,new,70.00 EUR,49.00 EUR,https://www.lou-marie.be/nl/shop/donkerblauwe-blazer-tweed-met-gouden-knopen-9?attribute_values=11,https://www.lou-marie.be/web/image/product.product/295/image_1920?unique=637c9b0,,Lou-Marie,9,Apparel & Accessories > Clothing > Outerwear > Coats & Jackets,Jassen en blazers,donkerblauw,38,female,adult,tweed,,,40 tot 55,Jassen en blazers,aanbieding,
296,Donkerblauwe blazer tweed met gouden knopen (40),"Donkerblauwe blazer in hoogwaardige tweedstof, subtiel verweven met glanzend gouddraad. Chic en feestelijk — mooi over een effen top met een pantalon.",in stock,new,70.00 EUR,49.00 EUR,https://www.lou-marie.be/nl/shop/donkerblauwe-blazer-tweed-met-gouden-knopen-9?attribute_values=12,https://www.lou-marie.be/web/image/product.product/296/image_1920?unique=637c9b0,,Lou-Marie,9,Apparel & Accessories > Clothing > Outerwear > Coats & Jackets,Jassen en blazers,donkerblauw,40,female,adult,tweed,,,40 tot 55,Jassen en blazers,aanbieding,
96,Donkerblauwe blouse met bolletjesprint en striklinten (S),"Deze top heeft een elegante ronde hals, lange mouwen met elastische boorden en een verfijnde dubbele knoopsluiting aan de voorkant.",in stock,new,38.95 EUR,15.00 EUR,https://www.lou-marie.be/nl/shop/donkerblauwe-blouse-met-bolletjesprint-en-striklinten-35?attribute_values=1,https://www.lou-marie.be/web/image/product.product/96/image_1920?unique=1209ec6,https://www.lou-marie.be/web/image/product.image/156/image_1920?unique=c78c2c0,Lou-Marie,35,Apparel & Accessories > Clothing > Shirts & Tops,Blouses en tops,donkerblauw,S,female,adult,,stippen,,tot 25,Blouses en tops,aanbieding,
97,Donkerblauwe blouse met bolletjesprint en striklinten (M),"Deze top heeft een elegante ronde hals, lange mouwen met elastische boorden en een verfijnde dubbele knoopsluiting aan de voorkant.",in stock,new,38.95 EUR,15.00 EUR,https://www.lou-marie.be/nl/shop/donkerblauwe-blouse-met-bolletjesprint-en-striklinten-35?attribute_values=2,https://www.lou-marie.be/web/image/product.product/97/image_1920?unique=1209ec6,https://www.lou-marie.be/web/image/product.image/156/image_1920?unique=c78c2c0,Lou-Marie,35,Apparel & Accessories > Clothing > Shirts & Tops,Blouses en tops,donkerblauw,M,female,adult,,stippen,,tot 25,Blouses en tops,aanbieding,
98,Donkerblauwe blouse met bolletjesprint en striklinten (L),"Deze top heeft een elegante ronde hals, lange mouwen met elastische boorden en een verfijnde dubbele knoopsluiting aan de voorkant.",in stock,new,38.95 EUR,15.00 EUR,https://www.lou-marie.be/nl/shop/donkerblauwe-blouse-met-bolletjesprint-en-striklinten-35?attribute_values=3,https://www.lou-marie.be/web/image/product.product/98/image_1920?unique=1209ec6,https://www.lou-marie.be/web/image/product.image/156/image_1920?unique=c78c2c0,Lou-Marie,35,Apparel & Accessories > Clothing > Shirts & Tops,Blouses en tops,donkerblauw,L,female,adult,,stippen,,tot 25,Blouses en tops,aanbieding,
254,Donkerblauwe jeans met gouden knopen wide fit,"Donkerblauwe wide fit jeans met sierknopen aan de zijkanten. De perfecte mix van comfort en stijl, met een subtiele speelse twist.",in stock,new,54.95 EUR,25.00 EUR,https://www.lou-marie.be/nl/shop/donkerblauwe-jeans-met-gouden-knopen-wide-fit-124?attribute_values=11,https://www.lou-marie.be/web/image/product.product/254/image_1920?unique=64c80d3,"https://www.lou-marie.be/web/image/product.image/158/image_1920?unique=46cb8db,https://www.lou-marie.be/web/image/product.image/159/image_1920?unique=46cb8db,https://www.lou-marie.be/web/image/product.image/160/image_1920?unique=46cb8db,https://www.lou-marie.be/web/image/product.image/161/image_1920?unique=0ec9b41",Lou-Marie,,Apparel & Accessories > Clothing > Pants,"Broeken, shorts en rokken",donkerblauw,38,female,adult,,,Laatste stuk,25 tot 40,"Broeken, shorts en rokken",aanbieding,
273,Donkerblauwe jeansrok met split,Trendy denim midi-rok met een subtiele split voor een stijlvolle look. Gemaakt van stretchstof die heerlijk zit en perfect aansluit op je figuur.,in stock,new,39.00 EUR,15.00 EUR,https://www.lou-marie.be/nl/shop/donkerblauwe-jeansrok-met-split-36?attribute_values=10,https://www.lou-marie.be/web/image/product.product/273/image_1920?unique=dc476d1,,Lou-Marie,,Apparel & Accessories > Clothing > Skirts,"Broeken, shorts en rokken",donkerblauw,36,female,adult,denim,,Laatste stuk,tot 25,"Broeken, shorts en rokken",aanbieding,
122,"Flared jeans, blauw (42)","Deze stijlvolle jeans combineert elegantie met een vleugje glamour. De voorzakken zijn verfijnd afgewerkt en de sierknopen geven een luxueuze touch. Dankzij de flatterende flare-pasvorm creëert deze broek een slanke, vrouwelijke silhouet.",in stock,new,39.00 EUR,35.00 EUR,https://www.lou-marie.be/nl/shop/flared-jeans-blauw-55?attribute_values=13,https://www.lou-marie.be/web/image/product.product/122/image_1920?unique=252870a,"https://www.lou-marie.be/web/image/product.image/49/image_1920?unique=08e4215,https://www.lou-marie.be/web/image/product.image/153/image_1920?unique=aa6042f",Lou-Marie,55,Apparel & Accessories > Clothing > Pants,"Broeken, shorts en rokken",blauw,42,female,adult,,,ads,25 tot 40,"Broeken, shorts en rokken",aanbieding,
123,"Flared jeans, blauw (44)","Deze stijlvolle jeans combineert elegantie met een vleugje glamour. De voorzakken zijn verfijnd afgewerkt en de sierknopen geven een luxueuze touch. Dankzij de flatterende flare-pasvorm creëert deze broek een slanke, vrouwelijke silhouet.",in stock,new,39.00 EUR,35.00 EUR,https://www.lou-marie.be/nl/shop/flared-jeans-blauw-55?attribute_values=14,https://www.lou-marie.be/web/image/product.product/123/image_1920?unique=252870a,"https://www.lou-marie.be/web/image/product.image/49/image_1920?unique=08e4215,https://www.lou-marie.be/web/image/product.image/153/image_1920?unique=aa6042f",Lou-Marie,55,Apparel & Accessories > Clothing > Pants,"Broeken, shorts en rokken",blauw,44,female,adult,,,ads,25 tot 40,"Broeken, shorts en rokken",aanbieding,
355,"Gebreid gilet met knopen, beige","Beige gebreid gilet met opstaande kraag, grote overtrokken knopen en korte wijde mouwen met knoopdetail. Valt soepel in een mooie A-lijn en past bij zowat alles in je kast.",in stock,new,54.95 EUR,,https://www.lou-marie.be/nl/shop/gebreid-gilet-met-knopen-beige-186?attribute_values=9,https://www.lou-marie.be/web/image/product.product/355/image_1920?unique=627dbec,https://www.lou-marie.be/web/image/product.image/276/image_1920?unique=74d79f0,Lou-Marie,,Apparel & Accessories > Clothing > Shirts & Tops,Truien en vesten,beige,one size,female,adult,gebreid,,ads,40 tot 55,Truien en vesten,,nieuw
356,"Gebreid gilet met knopen, taupe","Gebreid gilet in warme taupe met opstaande kraag, grote overtrokken knopen en korte wijde mouwen met knoopdetail. Een mooie A-lijn en een kleur die het hele jaar door werkt.",in stock,new,54.95 EUR,,https://www.lou-marie.be/nl/shop/gebreid-gilet-met-knopen-taupe-187?attribute_values=9,https://www.lou-marie.be/web/image/product.product/356/image_1920?unique=6dc2f98,,Lou-Marie,,Apparel & Accessories > Clothing > Shirts & Tops,Truien en vesten,taupe,one size,female,adult,gebreid,,ads,40 tot 55,Truien en vesten,,nieuw
300,"Gebreide top met kant, gebroken wit",Fijn gebreide top in gebroken wit met een sierlijk kanten randje langs hals en mouwen en kleine knoopjes aan de voorkant. Licht om te dragen en makkelijk te combineren.,in stock,new,44.95 EUR,36.00 EUR,https://www.lou-marie.be/nl/shop/gebreide-top-met-kant-gebroken-wit-155?attribute_values=9,https://www.lou-marie.be/web/image/product.product/300/image_1920?unique=80cce61,"https://www.lou-marie.be/web/image/product.image/232/image_1920?unique=8453556,https://www.lou-marie.be/web/image/product.image/233/image_1920?unique=8453556",Lou-Marie,,Apparel & Accessories > Clothing > Shirts & Tops,Blouses en tops,gebroken wit,one size,female,adult,gebreid,,ads,25 tot 40,Blouses en tops,aanbieding,
299,Geel gebreid vest met detailknopen,"Geel oversized gebreid vest met gouden sierknopen in zeethema. Een zomerse kleur die meteen doet denken aan zon, zee en strand.",in stock,new,44.95 EUR,30.00 EUR,https://www.lou-marie.be/nl/shop/geel-gebreid-vest-met-detailknopen-154?attribute_values=9,https://www.lou-marie.be/web/image/product.product/299/image_1920?unique=8b1a4b0,"https://www.lou-marie.be/web/image/product.image/228/image_1920?unique=f15de54,https://www.lou-marie.be/web/image/product.image/227/image_1920?unique=f15de54,https://www.lou-marie.be/web/image/product.image/226/image_1920?unique=f15de54",Lou-Marie,,Apparel & Accessories > Clothing > Shirts & Tops,Truien en vesten,geel,one size,female,adult,gebreid,,,25 tot 40,Truien en vesten,aanbieding,
192,Geel t-shirt 'Essential soul',Geel t-shirt met zilverkleurige print 'Essential Soul'. Een levendige statement piece die je outfit meteen een boost geeft.,in stock,new,34.95 EUR,20.00 EUR,https://www.lou-marie.be/nl/shop/geel-t-shirt-essential-soul-90?attribute_values=9,https://www.lou-marie.be/web/image/product.product/192/image_1920?unique=3847340,https://www.lou-marie.be/web/image/product.image/112/image_1920?unique=75c2d74,Lou-Marie,,Apparel & Accessories > Clothing > Shirts & Tops,T-shirts,geel,one size,female,adult,,,,tot 25,T-shirts,aanbieding,
291,Geruite sjaal met print,"Geruite sjaal in ecru, beige, camel en zwart. Een warme, tijdloze combinatie die moeiteloos bij je jas of trui past.",in stock,new,14.95 EUR,12.00 EUR,https://www.lou-marie.be/nl/shop/geruite-sjaal-met-print-149?attribute_values=9,https://www.lou-marie.be/web/image/product.product/291/image_1920?unique=39d9b31,https://www.lou-marie.be/web/image/product.image/205/image_1920?unique=f59ad92,Lou-Marie,,Apparel & Accessories > Clothing Accessories > Scarves & Shawls,Sjaals,ecru,one size,female,adult,,geruit,,tot 25,Sjaals,aanbieding,
323,"Geruite zomerblouse met ballonmouwen, lichtblauw (S/M)","Lichtblauw-wit geruite zomerblouse in luchtige stof met elegante ballonmouwen. De fijne ruitjesprint is tijdloos en vrolijk tegelijk, een frisse must-have voor zonnige dagen.",in stock,new,39.95 EUR,32.00 EUR,https://www.lou-marie.be/nl/shop/geruite-zomerblouse-met-ballonmouwen-lichtblauw-171?attribute_values=15,https://www.lou-marie.be/web/image/product.product/323/image_1920?unique=3cc2388,https://www.lou-marie.be/web/image/product.image/253/image_1920?unique=3b447e5,Lou-Marie,171,Apparel & Accessories > Clothing > Shirts & Tops,Blouses en tops,lichtblauw,S/M,female,adult,,geruit,ads,25 tot 40,Blouses en tops,aanbieding,
324,"Geruite zomerblouse met ballonmouwen, lichtblauw (M/L)","Lichtblauw-wit geruite zomerblouse in luchtige stof met elegante ballonmouwen. De fijne ruitjesprint is tijdloos en vrolijk tegelijk, een frisse must-have voor zonnige dagen.",in stock,new,39.95 EUR,32.00 EUR,https://www.lou-marie.be/nl/shop/geruite-zomerblouse-met-ballonmouwen-lichtblauw-171?attribute_values=16,https://www.lou-marie.be/web/image/product.product/324/image_1920?unique=3cc2388,https://www.lou-marie.be/web/image/product.image/253/image_1920?unique=3b447e5,Lou-Marie,171,Apparel & Accessories > Clothing > Shirts & Tops,Blouses en tops,lichtblauw,M/L,female,adult,,geruit,ads,25 tot 40,Blouses en tops,aanbieding,
155,Gestreepte cardigan zwart-wit (S),Zwart-wit gestreepte cardigan met klassieke strepen die je look meteen optillen. Tijdloos en makkelijk te combineren met jeans of een pantalon.,in stock,new,44.95 EUR,25.00 EUR,https://www.lou-marie.be/nl/shop/gestreepte-cardigan-zwart-wit-68?attribute_values=1,https://www.lou-marie.be/web/image/product.product/155/image_1920?unique=2809605,https://www.lou-marie.be/web/image/product.image/207/image_1920?unique=6388471,Lou-Marie,68,Apparel & Accessories > Clothing > Shirts & Tops,Truien en vesten,zwart,S,female,adult,,gestreept,,25 tot 40,Truien en vesten,aanbieding,
156,Gestreepte cardigan zwart-wit (M),Zwart-wit gestreepte cardigan met klassieke strepen die je look meteen optillen. Tijdloos en makkelijk te combineren met jeans of een pantalon.,in stock,new,44.95 EUR,25.00 EUR,https://www.lou-marie.be/nl/shop/gestreepte-cardigan-zwart-wit-68?attribute_values=2,https://www.lou-marie.be/web/image/product.product/156/image_1920?unique=2809605,https://www.lou-marie.be/web/image/product.image/207/image_1920?unique=6388471,Lou-Marie,68,Apparel & Accessories > Clothing > Shirts & Tops,Truien en vesten,zwart,M,female,adult,,gestreept,,25 tot 40,Truien en vesten,aanbieding,
76,Gilet luipaardprint,"Prachtige leopard print cardigan. Dit zachte, pluizige vest combineert comfort met een gedurfde uitstraling dankzij de opvallende luipaardprint in roze en bruintinten.",in stock,new,44.95 EUR,25.00 EUR,https://www.lou-marie.be/nl/shop/gilet-luipaardprint-38?attribute_values=9,https://www.lou-marie.be/web/image/product.product/76/image_1920?unique=1d4f1d6,https://www.lou-marie.be/web/image/product.image/150/image_1920?unique=c4684c0,Lou-Marie,,Apparel & Accessories > Clothing > Shirts & Tops,Truien en vesten,roze,one size,female,adult,,luipaardprint,,25 tot 40,Truien en vesten,aanbieding,
58,Gouden blazer tweed met gouden knopen,"Gouden tweed blazer met goudkleurige draden en subtiele witte pailletten. Klassieke snit met een moderne, feestelijke touch.",in stock,new,99.95 EUR,50.00 EUR,https://www.lou-marie.be/nl/shop/gouden-blazer-tweed-met-gouden-knopen-6?attribute_values=2,https://www.lou-marie.be/web/image/product.product/58/image_1920?unique=66fa671,,Lou-Marie,,Apparel & Accessories > Clothing > Outerwear > Coats & Jackets,Jassen en blazers,goud,M,female,adult,tweed,,Laatste stuk,40 tot 55,Jassen en blazers,aanbieding,
36,Grijze jurk gebreid gouden knopen,"Grijze ribgebreide wikkeljurk met decoratieve gouden knopen en een subtiele zijsplit. Elegant en verfijnd, van kantoor naar avond.",in stock,new,39.95 EUR,15.00 EUR,https://www.lou-marie.be/nl/shop/grijze-jurk-gebreid-gouden-knopen-22?attribute_values=9,https://www.lou-marie.be/web/image/product.product/36/image_1920?unique=7040588,,Lou-Marie,,Apparel & Accessories > Clothing > Dresses,Jurken,grijs,one size,female,adult,gebreid,,,tot 25,Jurken,aanbieding,
165,Groen zomershort,"Groene zomershort in een lichte, rekbare stof met elastische taille. Ademend en comfortabel — ideaal voor voorjaar en zomer.",in stock,new,29.95 EUR,15.00 EUR,https://www.lou-marie.be/nl/shop/groen-zomershort-71?attribute_values=1,https://www.lou-marie.be/web/image/product.product/165/image_1920?unique=66d5c65,"https://www.lou-marie.be/web/image/product.image/68/image_1920?unique=ced0e25,https://www.lou-marie.be/web/image/product.image/69/image_1920?unique=ced0e25,https://www.lou-marie.be/web/image/product.image/70/image_1920?unique=ced0e25",Lou-Marie,,Apparel & Accessories > Clothing > Shorts,"Broeken, shorts en rokken",groen,S,female,adult,,,,tot 25,"Broeken, shorts en rokken",aanbieding,
275,Groene blazer,"Donkergroene casual blazer met opgetrokken mouwen. Overdag nonchalant over je favoriete top, 's avonds net iets chiquer.",in stock,new,39.95 EUR,25.00 EUR,https://www.lou-marie.be/nl/shop/groene-blazer-134?attribute_values=2,https://www.lou-marie.be/web/image/product.product/275/image_1920?unique=062e7db,https://www.lou-marie.be/web/image/product.image/139/image_1920?unique=66e3463,Lou-Marie,,Apparel & Accessories > Clothing > Outerwear > Coats & Jackets,Jassen en blazers,groen,M,female,adult,,,Laatste stuk,25 tot 40,Jassen en blazers,aanbieding,
24,Groene blouse glitter (S),"Maak een statement met dit elegante glinsterende blouse! De subtiele textuur en sprankelende details geven een verfijnde uitstraling. De ballonmouwen voegen een speelse touch toe, terwijl de klassieke kraag het geheel een tijdloze look geeft. Perfect te combineren met een rok of broek voor een stijlvolle outfit, dag én nacht.",in stock,new,39.95 EUR,15.00 EUR,https://www.lou-marie.be/nl/shop/groene-blouse-glitter-13?attribute_values=1,https://www.lou-marie.be/web/image/product.product/24/image_1920?unique=ccf0c08,https://www.lou-marie.be/web/image/product.image/157/image_1920?unique=8fd82bd,Lou-Marie,13,Apparel & Accessories > Clothing > Shirts & Tops,Blouses en tops,groen,S,female,adult,,,,tot 25,Blouses en tops,aanbieding,
25,Groene blouse glitter (M),"Maak een statement met dit elegante glinsterende blouse! De subtiele textuur en sprankelende details geven een verfijnde uitstraling. De ballonmouwen voegen een speelse touch toe, terwijl de klassieke kraag het geheel een tijdloze look geeft. Perfect te combineren met een rok of broek voor een stijlvolle outfit, dag én nacht.",in stock,new,39.95 EUR,15.00 EUR,https://www.lou-marie.be/nl/shop/groene-blouse-glitter-13?attribute_values=2,https://www.lou-marie.be/web/image/product.product/25/image_1920?unique=ccf0c08,https://www.lou-marie.be/web/image/product.image/157/image_1920?unique=8fd82bd,Lou-Marie,13,Apparel & Accessories > Clothing > Shirts & Tops,Blouses en tops,groen,M,female,adult,,,,tot 25,Blouses en tops,aanbieding,
26,Groene blouse glitter (L),"Maak een statement met dit elegante glinsterende blouse! De subtiele textuur en sprankelende details geven een verfijnde uitstraling. De ballonmouwen voegen een speelse touch toe, terwijl de klassieke kraag het geheel een tijdloze look geeft. Perfect te combineren met een rok of broek voor een stijlvolle outfit, dag én nacht.",in stock,new,39.95 EUR,15.00 EUR,https://www.lou-marie.be/nl/shop/groene-blouse-glitter-13?attribute_values=3,https://www.lou-marie.be/web/image/product.product/26/image_1920?unique=ccf0c08,https://www.lou-marie.be/web/image/product.image/157/image_1920?unique=8fd82bd,Lou-Marie,13,Apparel & Accessories > Clothing > Shirts & Tops,Blouses en tops,groen,L,female,adult,,,,tot 25,Blouses en tops,aanbieding,
284,Groene cardigan kant,Donkergroene gilettrui met verfijnde witte kanten afwerking. Het diepe groen en het kant vormen een elegant contrast — tijdloze klasse.,in stock,new,44.95 EUR,25.00 EUR,https://www.lou-marie.be/nl/shop/groene-cardigan-kant-142?attribute_values=9,https://www.lou-marie.be/web/image/product.product/284/image_1920?unique=b478af6,"https://www.lou-marie.be/web/image/product.image/169/image_1920?unique=a5c5112,https://www.lou-marie.be/web/image/product.image/170/image_1920?unique=a5c5112,https://www.lou-marie.be/web/image/product.image/172/image_1920?unique=a5c5112,https://www.lou-marie.be/web/image/product.image/173/image_1920?unique=a5c5112",Lou-Marie,,Apparel & Accessories > Clothing > Shirts & Tops,Truien en vesten,groen,one size,female,adult,kant,,Laatste stuk,25 tot 40,Truien en vesten,aanbieding,
260,Groene jurk met split en gouden gesp,"Donkergroene sweatjurk met split en gouden gesp. Zachte, comfortabele stof met een elegante uitstraling — comfort dat er verzorgd uitziet.",in stock,new,54.95 EUR,25.00 EUR,https://www.lou-marie.be/nl/shop/groene-jurk-met-split-en-gouden-gesp-125?attribute_values=2,https://www.lou-marie.be/web/image/product.product/260/image_1920?unique=5db4f67,https://www.lou-marie.be/web/image/product.image/209/image_1920?unique=9990366,Lou-Marie,,Apparel & Accessories > Clothing > Dresses,Jurken,groen,M,female,adult,,,Laatste stuk,25 tot 40,Jurken,aanbieding,
197,Groene sweatjurk kort,Korte legergroene sweaterjurk in een zachte stof. Je go-to voor dagen waarop je er moeiteloos leuk uit wil zien.,in stock,new,34.95 EUR,15.00 EUR,https://www.lou-marie.be/nl/shop/groene-sweatjurk-kort-95?attribute_values=9,https://www.lou-marie.be/web/image/product.product/197/image_1920?unique=e021660,,Lou-Marie,,Apparel & Accessories > Clothing > Dresses,Jurken,groen,one size,female,adult,,,,tot 25,Jurken,aanbieding,
306,"Kort jasje met knoopsluiting, wit (S)","Kort wit jasje met knoopsluiting en elastieken boord die mooi aansluit. Het frisse wit geeft een lichte, zomerse uitstraling en laat zich eindeloos combineren, casual op jeans of net iets chiquer.",in stock,new,69.95 EUR,56.00 EUR,https://www.lou-marie.be/nl/shop/kort-jasje-met-knoopsluiting-wit-160?attribute_values=1,https://www.lou-marie.be/web/image/product.product/306/image_1920?unique=b086a39,"https://www.lou-marie.be/web/image/product.image/238/image_1920?unique=643aa5f,https://www.lou-marie.be/web/image/product.image/239/image_1920?unique=643aa5f,https://www.lou-marie.be/web/image/product.image/240/image_1920?unique=643aa5f",Lou-Marie,160,Apparel & Accessories > Clothing > Outerwear > Coats & Jackets,Jassen en blazers,wit,S,female,adult,,,ads,vanaf 55,Jassen en blazers,aanbieding,
307,"Kort jasje met knoopsluiting, wit (M)","Kort wit jasje met knoopsluiting en elastieken boord die mooi aansluit. Het frisse wit geeft een lichte, zomerse uitstraling en laat zich eindeloos combineren, casual op jeans of net iets chiquer.",in stock,new,69.95 EUR,56.00 EUR,https://www.lou-marie.be/nl/shop/kort-jasje-met-knoopsluiting-wit-160?attribute_values=2,https://www.lou-marie.be/web/image/product.product/307/image_1920?unique=b086a39,"https://www.lou-marie.be/web/image/product.image/238/image_1920?unique=643aa5f,https://www.lou-marie.be/web/image/product.image/239/image_1920?unique=643aa5f,https://www.lou-marie.be/web/image/product.image/240/image_1920?unique=643aa5f",Lou-Marie,160,Apparel & Accessories > Clothing > Outerwear > Coats & Jackets,Jassen en blazers,wit,M,female,adult,,,ads,vanaf 55,Jassen en blazers,aanbieding,
308,"Kort jasje met knoopsluiting, wit (L)","Kort wit jasje met knoopsluiting en elastieken boord die mooi aansluit. Het frisse wit geeft een lichte, zomerse uitstraling en laat zich eindeloos combineren, casual op jeans of net iets chiquer.",in stock,new,69.95 EUR,56.00 EUR,https://www.lou-marie.be/nl/shop/kort-jasje-met-knoopsluiting-wit-160?attribute_values=3,https://www.lou-marie.be/web/image/product.product/308/image_1920?unique=b086a39,"https://www.lou-marie.be/web/image/product.image/238/image_1920?unique=643aa5f,https://www.lou-marie.be/web/image/product.image/239/image_1920?unique=643aa5f,https://www.lou-marie.be/web/image/product.image/240/image_1920?unique=643aa5f",Lou-Marie,160,Apparel & Accessories > Clothing > Outerwear > Coats & Jackets,Jassen en blazers,wit,L,female,adult,,,ads,vanaf 55,Jassen en blazers,aanbieding,
321,Korte blousejurk met kleurrijke print (S/M),"Korte blousejurk met korte mouwen en een vrolijke print in roze, groen, wit en blauw. Met het striklint tailleer je de jurk precies naar wens. Luchtig, comfortabel en zomers.",in stock,new,39.95 EUR,32.00 EUR,https://www.lou-marie.be/nl/shop/korte-blousejurk-met-kleurrijke-print-170?attribute_values=15,https://www.lou-marie.be/web/image/product.product/321/image_1920?unique=1781861,,Lou-Marie,170,Apparel & Accessories > Clothing > Dresses,Jurken,roze,S/M,female,adult,,,ads,25 tot 40,Jurken,aanbieding,
322,Korte blousejurk met kleurrijke print (M/L),"Korte blousejurk met korte mouwen en een vrolijke print in roze, groen, wit en blauw. Met het striklint tailleer je de jurk precies naar wens. Luchtig, comfortabel en zomers.",in stock,new,39.95 EUR,32.00 EUR,https://www.lou-marie.be/nl/shop/korte-blousejurk-met-kleurrijke-print-170?attribute_values=16,https://www.lou-marie.be/web/image/product.product/322/image_1920?unique=1781861,,Lou-Marie,170,Apparel & Accessories > Clothing > Dresses,Jurken,roze,M/L,female,adult,,,ads,25 tot 40,Jurken,aanbieding,
325,"Korte jurk met ceintuur, zwart","Korte zwarte jurk met ronde hals, korte vallende mouwen en een bijpassende bindceintuur. De licht gestructureerde stof valt soepel — draag 'm getailleerd of losjes, tot net op de knie.",in stock,new,34.95 EUR,28.00 EUR,https://www.lou-marie.be/nl/shop/korte-jurk-met-ceintuur-zwart-172?attribute_values=9,https://www.lou-marie.be/web/image/product.product/325/image_1920?unique=8cf0954,"https://www.lou-marie.be/web/image/product.image/261/image_1920?unique=e9bdd31,https://www.lou-marie.be/web/image/product.image/262/image_1920?unique=e9bdd31",Lou-Marie,,Apparel & Accessories > Clothing > Dresses,Jurken,zwart,one size,female,adult,,,ads,25 tot 40,Jurken,aanbieding,
329,Korte zomerjurk blauw,"Effen blauwe korte zomerjurk, minimalistisch en allesbehalve saai. Moeiteloze elegantie die je overal mee naartoe neemt.",in stock,new,34.95 EUR,28.00 EUR,https://www.lou-marie.be/nl/shop/korte-zomerjurk-blauw-176?attribute_values=9,https://www.lou-marie.be/web/image/product.product/329/image_1920?unique=4c35bbc,https://www.lou-marie.be/web/image/product.image/264/image_1920?unique=ad377f8,Lou-Marie,,Apparel & Accessories > Clothing > Dresses,Jurken,blauw,one size,female,adult,,,Lente/zomer 26,25 tot 40,Jurken,aanbieding,
327,Korte zomerjurk groen,"Effen groene korte zomerjurk, minimalistisch en allesbehalve saai. Moeiteloze elegantie die je overal mee naartoe neemt.",in stock,new,34.95 EUR,28.00 EUR,https://www.lou-marie.be/nl/shop/korte-zomerjurk-groen-174?attribute_values=9,https://www.lou-marie.be/web/image/product.product/327/image_1920?unique=c99623d,https://www.lou-marie.be/web/image/product.image/263/image_1920?unique=42f20e5,Lou-Marie,,Apparel & Accessories > Clothing > Dresses,Jurken,groen,one size,female,adult,,,Lente/zomer 26,25 tot 40,Jurken,aanbieding,
350,"Korte zomerjurk met palmprint, groen (L)","Korte zomerjurk met frisse groene palmprint en een flatterende V-hals met goudkleurig biesje. Het witte strikkoord accentueert je taille op een subtiele, vrouwelijke manier.",in stock,new,44.95 EUR,36.00 EUR,https://www.lou-marie.be/nl/shop/korte-zomerjurk-met-palmprint-groen-181?attribute_values=3,https://www.lou-marie.be/web/image/product.product/350/image_1920?unique=00a1ae0,"https://www.lou-marie.be/web/image/product.image/254/image_1920?unique=22a6959,https://www.lou-marie.be/web/image/product.image/255/image_1920?unique=0368c89,https://www.lou-marie.be/web/image/product.image/257/image_1920?unique=8461fcf,https://www.lou-marie.be/web/image/product.image/258/image_1920?unique=fff6ae3",Lou-Marie,181,Apparel & Accessories > Clothing > Dresses,Jurken,groen,L,female,adult,,palmprint,ads,25 tot 40,Jurken,aanbieding,
351,"Korte zomerjurk met palmprint, groen (XL)","Korte zomerjurk met frisse groene palmprint en een flatterende V-hals met goudkleurig biesje. Het witte strikkoord accentueert je taille op een subtiele, vrouwelijke manier.",in stock,new,44.95 EUR,36.00 EUR,https://www.lou-marie.be/nl/shop/korte-zomerjurk-met-palmprint-groen-181?attribute_values=7,https://www.lou-marie.be/web/image/product.product/351/image_1920?unique=00a1ae0,"https://www.lou-marie.be/web/image/product.image/254/image_1920?unique=22a6959,https://www.lou-marie.be/web/image/product.image/255/image_1920?unique=0368c89,https://www.lou-marie.be/web/image/product.image/257/image_1920?unique=8461fcf,https://www.lou-marie.be/web/image/product.image/258/image_1920?unique=fff6ae3",Lou-Marie,181,Apparel & Accessories > Clothing > Dresses,Jurken,groen,XL,female,adult,,palmprint,ads,25 tot 40,Jurken,aanbieding,
352,"Korte zomerjurk met palmprint, groen (XXL)","Korte zomerjurk met frisse groene palmprint en een flatterende V-hals met goudkleurig biesje. Het witte strikkoord accentueert je taille op een subtiele, vrouwelijke manier.",in stock,new,44.95 EUR,36.00 EUR,https://www.lou-marie.be/nl/shop/korte-zomerjurk-met-palmprint-groen-181?attribute_values=8,https://www.lou-marie.be/web/image/product.product/352/image_1920?unique=00a1ae0,"https://www.lou-marie.be/web/image/product.image/254/image_1920?unique=22a6959,https://www.lou-marie.be/web/image/product.image/255/image_1920?unique=0368c89,https://www.lou-marie.be/web/image/product.image/257/image_1920?unique=8461fcf,https://www.lou-marie.be/web/image/product.image/258/image_1920?unique=fff6ae3",Lou-Marie,181,Apparel & Accessories > Clothing > Dresses,Jurken,groen,XXL,female,adult,,palmprint,ads,25 tot 40,Jurken,aanbieding,
328,Korte zomerjurk rood,"Effen rode korte zomerjurk, minimalistisch en allesbehalve saai. Moeiteloze elegantie die je overal mee naartoe neemt.",in stock,new,34.95 EUR,28.00 EUR,https://www.lou-marie.be/nl/shop/korte-zomerjurk-rood-175?attribute_values=9,https://www.lou-marie.be/web/image/product.product/328/image_1920?unique=69c0ba2,"https://www.lou-marie.be/web/image/product.image/268/image_1920?unique=41f142c,https://www.lou-marie.be/web/image/product.image/269/image_1920?unique=41f142c",Lou-Marie,,Apparel & Accessories > Clothing > Dresses,Jurken,rood,one size,female,adult,,,Lente/zomer 26,25 tot 40,Jurken,aanbieding,
326,Korte zomerjurk turkoois,"Effen turkooizen korte zomerjurk, minimalistisch en allesbehalve saai. Moeiteloze elegantie die je overal mee naartoe neemt.",in stock,new,34.95 EUR,28.00 EUR,https://www.lou-marie.be/nl/shop/korte-zomerjurk-turkoois-173?attribute_values=9,https://www.lou-marie.be/web/image/product.product/326/image_1920?unique=b87c81e,"https://www.lou-marie.be/web/image/product.image/266/image_1920?unique=7d791f2,https://www.lou-marie.be/web/image/product.image/267/image_1920?unique=da29ec6",Lou-Marie,,Apparel & Accessories > Clothing > Dresses,Jurken,turquoise,one size,female,adult,,,Lente/zomer 26,25 tot 40,Jurken,aanbieding,
62,Lange donkerblauwe jurk met split (S),"Lange donkerblauwe jurk met split. Stijlvol voor een werkdag, een diner of een avondje uit — en met de juiste accessoires meteen feestelijk.",in stock,new,49.95 EUR,15.00 EUR,https://www.lou-marie.be/nl/shop/lange-donkerblauwe-jurk-met-split-12?attribute_values=1,https://www.lou-marie.be/web/image/product.product/62/image_1920?unique=10e6776,"https://www.lou-marie.be/web/image/product.image/210/image_1920?unique=86f6843,https://www.lou-marie.be/web/image/product.image/211/image_1920?unique=86f6843",Lou-Marie,12,Apparel & Accessories > Clothing > Dresses,Jurken,donkerblauw,S,female,adult,,,,tot 25,Jurken,aanbieding,
63,Lange donkerblauwe jurk met split (M),"Lange donkerblauwe jurk met split. Stijlvol voor een werkdag, een diner of een avondje uit — en met de juiste accessoires meteen feestelijk.",in stock,new,49.95 EUR,15.00 EUR,https://www.lou-marie.be/nl/shop/lange-donkerblauwe-jurk-met-split-12?attribute_values=2,https://www.lou-marie.be/web/image/product.product/63/image_1920?unique=10e6776,"https://www.lou-marie.be/web/image/product.image/210/image_1920?unique=86f6843,https://www.lou-marie.be/web/image/product.image/211/image_1920?unique=86f6843",Lou-Marie,12,Apparel & Accessories > Clothing > Dresses,Jurken,donkerblauw,M,female,adult,,,,tot 25,Jurken,aanbieding,
64,Lange donkerblauwe jurk met split (L),"Lange donkerblauwe jurk met split. Stijlvol voor een werkdag, een diner of een avondje uit — en met de juiste accessoires meteen feestelijk.",in stock,new,49.95 EUR,15.00 EUR,https://www.lou-marie.be/nl/shop/lange-donkerblauwe-jurk-met-split-12?attribute_values=3,https://www.lou-marie.be/web/image/product.product/64/image_1920?unique=10e6776,"https://www.lou-marie.be/web/image/product.image/210/image_1920?unique=86f6843,https://www.lou-marie.be/web/image/product.image/211/image_1920?unique=86f6843",Lou-Marie,12,Apparel & Accessories > Clothing > Dresses,Jurken,donkerblauw,L,female,adult,,,,tot 25,Jurken,aanbieding,
331,"Lange jurk met V-hals en kimonomouwen, beige","Lange beige jurk met V-hals en korte kimonomouwen, ruimvallend en soepel vallend. De split aan de zijkant zorgt voor mooie beweging. Moeiteloos elegant, van terras tot etentje.",in stock,new,49.95 EUR,44.00 EUR,https://www.lou-marie.be/nl/shop/lange-jurk-met-v-hals-en-kimonomouwen-beige-178?attribute_values=9,https://www.lou-marie.be/web/image/product.product/331/image_1920?unique=c675423,,Lou-Marie,,Apparel & Accessories > Clothing > Dresses,Jurken,beige,one size,female,adult,,,ads,40 tot 55,Jurken,aanbieding,
332,"Lange jurk met V-hals en kimonomouwen, donkerblauw","Lange donkerblauwe jurk met V-hals en korte kimonomouwen. Ruimvallend, soepel vallend en met een split aan de zijkant — elegant en flatterend voor dag en avond.",in stock,new,49.95 EUR,,https://www.lou-marie.be/nl/shop/lange-jurk-met-v-hals-en-kimonomouwen-donkerblauw-179?attribute_values=9,https://www.lou-marie.be/web/image/product.product/332/image_1920?unique=d04d086,,Lou-Marie,,Apparel & Accessories > Clothing > Dresses,Jurken,donkerblauw,one size,female,adult,,,ads,40 tot 55,Jurken,,nieuw
333,"Lange jurk met V-hals en kimonomouwen, wit","Lange witte jurk met V-hals en korte kimonomouwen. Luchtig en ruimvallend, met een split aan de zijkant. Dé zomerklassieker voor warme dagen, vakantie of een zomers feest.",in stock,new,49.95 EUR,44.00 EUR,https://www.lou-marie.be/nl/shop/lange-jurk-met-v-hals-en-kimonomouwen-wit-180?attribute_values=9,https://www.lou-marie.be/web/image/product.product/333/image_1920?unique=52bdfe9,,Lou-Marie,,Apparel & Accessories > Clothing > Dresses,Jurken,wit,one size,female,adult,,,ads,40 tot 55,Jurken,aanbieding,
330,"Lange jurk met V-hals en kimonomouwen, zwart","Lange zwarte jurk met V-hals en korte kimonomouwen, ruimvallend en soepel vallend met een split aan de zijkant. Tijdloos zwart dat moeiteloos van dag naar avond gaat.",in stock,new,49.95 EUR,,https://www.lou-marie.be/nl/shop/lange-jurk-met-v-hals-en-kimonomouwen-zwart-177?attribute_values=9,https://www.lou-marie.be/web/image/product.product/330/image_1920?unique=d9e24cd,,Lou-Marie,,Apparel & Accessories > Clothing > Dresses,Jurken,zwart,one size,female,adult,,,ads,40 tot 55,Jurken,,nieuw
214,Lichtblauwe top met rufflemouwen,"Lichtblauwe top met rufflemouwen in een zachte, luchtige stof. Heerlijk op de huid en een must-have voor je zomergarderobe.",in stock,new,34.50 EUR,25.00 EUR,https://www.lou-marie.be/nl/shop/lichtblauwe-top-met-rufflemouwen-111?attribute_values=9,https://www.lou-marie.be/web/image/product.product/214/image_1920?unique=eb1a32b,,Lou-Marie,,Apparel & Accessories > Clothing > Shirts & Tops,Blouses en tops,lichtblauw,one size,female,adult,,,,25 tot 40,Blouses en tops,aanbieding,
243,Losse broek met bladprint (S),"Losse lange broek met bladprint in warme tinten. Het elegante patroon geeft kleur aan je garderobe, de losse pasvorm draagt heerlijk.",in stock,new,39.95 EUR,20.00 EUR,https://www.lou-marie.be/nl/shop/losse-broek-met-bladprint-122?attribute_values=1,https://www.lou-marie.be/web/image/product.product/243/image_1920?unique=4b6cea5,https://www.lou-marie.be/web/image/product.image/142/image_1920?unique=eaae364,Lou-Marie,122,Apparel & Accessories > Clothing > Pants,"Broeken, shorts en rokken",,S,female,adult,,,,tot 25,"Broeken, shorts en rokken",aanbieding,
244,Losse broek met bladprint (M),"Losse lange broek met bladprint in warme tinten. Het elegante patroon geeft kleur aan je garderobe, de losse pasvorm draagt heerlijk.",in stock,new,39.95 EUR,20.00 EUR,https://www.lou-marie.be/nl/shop/losse-broek-met-bladprint-122?attribute_values=2,https://www.lou-marie.be/web/image/product.product/244/image_1920?unique=4b6cea5,https://www.lou-marie.be/web/image/product.image/142/image_1920?unique=eaae364,Lou-Marie,122,Apparel & Accessories > Clothing > Pants,"Broeken, shorts en rokken",,M,female,adult,,,,tot 25,"Broeken, shorts en rokken",aanbieding,
245,Losse broek met bladprint (L),"Losse lange broek met bladprint in warme tinten. Het elegante patroon geeft kleur aan je garderobe, de losse pasvorm draagt heerlijk.",in stock,new,39.95 EUR,20.00 EUR,https://www.lou-marie.be/nl/shop/losse-broek-met-bladprint-122?attribute_values=3,https://www.lou-marie.be/web/image/product.product/245/image_1920?unique=4b6cea5,https://www.lou-marie.be/web/image/product.image/142/image_1920?unique=eaae364,Lou-Marie,122,Apparel & Accessories > Clothing > Pants,"Broeken, shorts en rokken",,L,female,adult,,,,tot 25,"Broeken, shorts en rokken",aanbieding,
231,"Lurex top met lange mouwen, donkerbruin (S/M)","Donkerbruine lurex stretchtop met lange mouwen en subtiel glinsterende randjes langs hals en mouwen. Elegant zonder te overdrijven — mooi los op een jeans of rok, of onder een blazer of vest.",in stock,new,34.95 EUR,,https://www.lou-marie.be/nl/shop/lurex-top-met-lange-mouwen-donkerbruin-118?attribute_values=15,https://www.lou-marie.be/web/image/product.product/231/image_1920?unique=36075db,"https://www.lou-marie.be/web/image/product.image/123/image_1920?unique=dae3908,https://www.lou-marie.be/web/image/product.image/124/image_1920?unique=dae3908",Lou-Marie,118,Apparel & Accessories > Clothing > Shirts & Tops,Blouses en tops,donkerbruin,S/M,female,adult,lurex,,ads,25 tot 40,Blouses en tops,,nieuw
232,"Lurex top met lange mouwen, donkerbruin (M/L)","Donkerbruine lurex stretchtop met lange mouwen en subtiel glinsterende randjes langs hals en mouwen. Elegant zonder te overdrijven — mooi los op een jeans of rok, of onder een blazer of vest.",in stock,new,34.95 EUR,,https://www.lou-marie.be/nl/shop/lurex-top-met-lange-mouwen-donkerbruin-118?attribute_values=16,https://www.lou-marie.be/web/image/product.product/232/image_1920?unique=36075db,"https://www.lou-marie.be/web/image/product.image/123/image_1920?unique=dae3908,https://www.lou-marie.be/web/image/product.image/124/image_1920?unique=dae3908",Lou-Marie,118,Apparel & Accessories > Clothing > Shirts & Tops,Blouses en tops,donkerbruin,M/L,female,adult,lurex,,ads,25 tot 40,Blouses en tops,,nieuw
301,Mantel camel gouden knopen,Halflange damesmantel in camel met gouden knopen. De sjieke camelkleur maakt er dé tussenjas van voor voorjaar en najaar.,in stock,new,49.95 EUR,40.00 EUR,https://www.lou-marie.be/nl/shop/mantel-camel-gouden-knopen-156?attribute_values=9,https://www.lou-marie.be/web/image/product.product/301/image_1920?unique=cdd9371,https://www.lou-marie.be/web/image/product.image/225/image_1920?unique=be18fd9,Lou-Marie,,Apparel & Accessories > Clothing > Outerwear > Coats & Jackets,Jassen en blazers,camel,one size,female,adult,,,Laatste stuk,40 tot 55,Jassen en blazers,aanbieding,
228,"Mouwloze lurex top met glitter, terracotta (S/M)","Mouwloze lurex stretchtop in een warme terracotta tint met een subtiel glinsterend randje. Een vleugje glamour zonder te overdrijven — solo of onder een blazer, jasje of vest.",in stock,new,29.95 EUR,,https://www.lou-marie.be/nl/shop/mouwloze-lurex-top-met-glitter-terracotta-117?attribute_values=15,https://www.lou-marie.be/web/image/product.product/228/image_1920?unique=3c30495,"https://www.lou-marie.be/web/image/product.image/121/image_1920?unique=75dd6f3,https://www.lou-marie.be/web/image/product.image/122/image_1920?unique=75dd6f3",Lou-Marie,117,Apparel & Accessories > Clothing > Shirts & Tops,Blouses en tops,terracotta,S/M,female,adult,lurex,,ads,25 tot 40,Blouses en tops,,nieuw
229,"Mouwloze lurex top met glitter, terracotta (M/L)","Mouwloze lurex stretchtop in een warme terracotta tint met een subtiel glinsterend randje. Een vleugje glamour zonder te overdrijven — solo of onder een blazer, jasje of vest.",in stock,new,29.95 EUR,,https://www.lou-marie.be/nl/shop/mouwloze-lurex-top-met-glitter-terracotta-117?attribute_values=16,https://www.lou-marie.be/web/image/product.product/229/image_1920?unique=3c30495,"https://www.lou-marie.be/web/image/product.image/121/image_1920?unique=75dd6f3,https://www.lou-marie.be/web/image/product.image/122/image_1920?unique=75dd6f3",Lou-Marie,117,Apparel & Accessories > Clothing > Shirts & Tops,Blouses en tops,terracotta,M/L,female,adult,lurex,,ads,25 tot 40,Blouses en tops,,nieuw
343,"Mouwloze maxijurk met knoopsluiting en riem, zwart",Mouwloze lange zwarte jurk met doorlopende knoopsluiting en natuurkleurige knopen. De gevlochten riem met ronde gesp legt de taille precies waar jij wil. Luchtig en zomers.,in stock,new,49.95 EUR,40.00 EUR,https://www.lou-marie.be/nl/shop/mouwloze-maxijurk-met-knoopsluiting-en-riem-zwart-182?attribute_values=7,https://www.lou-marie.be/web/image/product.product/343/image_1920?unique=e17eb04,"https://www.lou-marie.be/web/image/product.image/270/image_1920?unique=3918eed,https://www.lou-marie.be/web/image/product.image/271/image_1920?unique=3918eed",Lou-Marie,,Apparel & Accessories > Clothing > Dresses,Jurken,zwart,XL,female,adult,,,ads,40 tot 55,Jurken,aanbieding,
346,"Mouwloze maxijurk met knoopsluiting, beige (L)",Lange mouwloze maxijurk in beige met knoopsluiting aan de voorkant en een subtiele split vooraan. De luchtige stof valt soepel — verfijnd voor zonnige dagen en zwoele avonden.,in stock,new,49.95 EUR,40.00 EUR,https://www.lou-marie.be/nl/shop/mouwloze-maxijurk-met-knoopsluiting-beige-183?attribute_values=3,https://www.lou-marie.be/web/image/product.product/346/image_1920?unique=f363a32,"https://www.lou-marie.be/web/image/product.image/272/image_1920?unique=171a886,https://www.lou-marie.be/web/image/product.image/273/image_1920?unique=171a886",Lou-Marie,183,Apparel & Accessories > Clothing > Dresses,Jurken,beige,L,female,adult,,,ads,40 tot 55,Jurken,aanbieding,
347,"Mouwloze maxijurk met knoopsluiting, beige (XL)",Lange mouwloze maxijurk in beige met knoopsluiting aan de voorkant en een subtiele split vooraan. De luchtige stof valt soepel — verfijnd voor zonnige dagen en zwoele avonden.,in stock,new,49.95 EUR,40.00 EUR,https://www.lou-marie.be/nl/shop/mouwloze-maxijurk-met-knoopsluiting-beige-183?attribute_values=7,https://www.lou-marie.be/web/image/product.product/347/image_1920?unique=f363a32,"https://www.lou-marie.be/web/image/product.image/272/image_1920?unique=171a886,https://www.lou-marie.be/web/image/product.image/273/image_1920?unique=171a886",Lou-Marie,183,Apparel & Accessories > Clothing > Dresses,Jurken,beige,XL,female,adult,,,ads,40 tot 55,Jurken,aanbieding,
159,Paars vest met wit kant,"Romantisch paars oversized gilet, afgewerkt met verfijnde kanten biesjes. Zacht gebreid en makkelijk over een effen top te dragen.",in stock,new,49.50 EUR,25.00 EUR,https://www.lou-marie.be/nl/shop/paars-vest-met-wit-kant-69?attribute_values=9,https://www.lou-marie.be/web/image/product.product/159/image_1920?unique=eec5c89,https://www.lou-marie.be/web/image/product.image/133/image_1920?unique=5ffc757,Lou-Marie,,Apparel & Accessories > Clothing > Shirts & Tops,Truien en vesten,paars,one size,female,adult,kant,,Laatste stuk,25 tot 40,Truien en vesten,aanbieding,
171,Paarse pantalon met gouden knopen (S),Paarse pantalon met gouden knopen in een zachte stof met elastische pasvorm. Licht en comfortabel voor dagelijks dragen.,in stock,new,44.95 EUR,15.00 EUR,https://www.lou-marie.be/nl/shop/paarse-pantalon-met-gouden-knopen-73?attribute_values=1,https://www.lou-marie.be/web/image/product.product/171/image_1920?unique=40b1d93,"https://www.lou-marie.be/web/image/product.image/85/image_1920?unique=ea6f585,https://www.lou-marie.be/web/image/product.image/89/image_1920?unique=ea6f585",Lou-Marie,73,Apparel & Accessories > Clothing > Pants,"Broeken, shorts en rokken",paars,S,female,adult,,,,tot 25,"Broeken, shorts en rokken",aanbieding,
172,Paarse pantalon met gouden knopen (M),Paarse pantalon met gouden knopen in een zachte stof met elastische pasvorm. Licht en comfortabel voor dagelijks dragen.,in stock,new,44.95 EUR,15.00 EUR,https://www.lou-marie.be/nl/shop/paarse-pantalon-met-gouden-knopen-73?attribute_values=2,https://www.lou-marie.be/web/image/product.product/172/image_1920?unique=40b1d93,"https://www.lou-marie.be/web/image/product.image/85/image_1920?unique=ea6f585,https://www.lou-marie.be/web/image/product.image/89/image_1920?unique=ea6f585",Lou-Marie,73,Apparel & Accessories > Clothing > Pants,"Broeken, shorts en rokken",paars,M,female,adult,,,,tot 25,"Broeken, shorts en rokken",aanbieding,
173,Paarse pantalon met gouden knopen (L),Paarse pantalon met gouden knopen in een zachte stof met elastische pasvorm. Licht en comfortabel voor dagelijks dragen.,in stock,new,44.95 EUR,15.00 EUR,https://www.lou-marie.be/nl/shop/paarse-pantalon-met-gouden-knopen-73?attribute_values=3,https://www.lou-marie.be/web/image/product.product/173/image_1920?unique=40b1d93,"https://www.lou-marie.be/web/image/product.image/85/image_1920?unique=ea6f585,https://www.lou-marie.be/web/image/product.image/89/image_1920?unique=ea6f585",Lou-Marie,73,Apparel & Accessories > Clothing > Pants,"Broeken, shorts en rokken",paars,L,female,adult,,,,tot 25,"Broeken, shorts en rokken",aanbieding,
207,Paarse zomerjurk tetra,"Korte paarse zomerjurk in zachte, ademende tetrastof. Effen, elegant en heerlijk comfortabel op de warmere dagen.",in stock,new,44.95 EUR,15.00 EUR,https://www.lou-marie.be/nl/shop/paarse-zomerjurk-tetra-105?attribute_values=9,https://www.lou-marie.be/web/image/product.product/207/image_1920?unique=ef64385,https://www.lou-marie.be/web/image/product.image/119/image_1920?unique=50c0299,Lou-Marie,,Apparel & Accessories > Clothing > Dresses,Jurken,paars,one size,female,adult,,,,tot 25,Jurken,aanbieding,
56,Rood jasje suèdelook,"Roestkleurige bikerjack in suèdelook. Tijdloos model met een moderne uitstraling — stoer over een top, chic op een pantalon.",in stock,new,49.50 EUR,15.00 EUR,https://www.lou-marie.be/nl/shop/rood-jasje-suedelook-4?attribute_values=2,https://www.lou-marie.be/web/image/product.product/56/image_1920?unique=6fcdfc6,,Lou-Marie,,Apparel & Accessories > Clothing > Outerwear > Coats & Jackets,Jassen en blazers,rood,M,female,adult,,,Laatste stuk,tot 25,Jassen en blazers,aanbieding,
266,Roze blouse met kant (S),Fuchsia blouse met een verfijnde kanten halslijn. Een klassieker met een moderne twist — vrouwelijk en romantisch.,in stock,new,32.50 EUR,15.00 EUR,https://www.lou-marie.be/nl/shop/roze-blouse-met-kant-129?attribute_values=1,https://www.lou-marie.be/web/image/product.product/266/image_1920?unique=ba5b7a2,https://www.lou-marie.be/web/image/product.image/137/image_1920?unique=c27dc59,Lou-Marie,129,Apparel & Accessories > Clothing > Shirts & Tops,Blouses en tops,roze,S,female,adult,kant,,,tot 25,Blouses en tops,aanbieding,
268,Roze blouse met kant (L),Fuchsia blouse met een verfijnde kanten halslijn. Een klassieker met een moderne twist — vrouwelijk en romantisch.,in stock,new,32.50 EUR,15.00 EUR,https://www.lou-marie.be/nl/shop/roze-blouse-met-kant-129?attribute_values=3,https://www.lou-marie.be/web/image/product.product/268/image_1920?unique=ba5b7a2,https://www.lou-marie.be/web/image/product.image/137/image_1920?unique=c27dc59,Lou-Marie,129,Apparel & Accessories > Clothing > Shirts & Tops,Blouses en tops,roze,L,female,adult,kant,,,tot 25,Blouses en tops,aanbieding,
263,Roze gilet gebreid,"Fuchsia gebreide débardeur in een zachte stof met fijne afwerking. Comfortabele fit en een warme, elegante herfstlook.",in stock,new,39.95 EUR,25.00 EUR,https://www.lou-marie.be/nl/shop/roze-gilet-gebreid-127?attribute_values=9,https://www.lou-marie.be/web/image/product.product/263/image_1920?unique=0b4f823,,Lou-Marie,,Apparel & Accessories > Clothing > Shirts & Tops,Truien en vesten,roze,one size,female,adult,gebreid,,Laatste stuk,25 tot 40,Truien en vesten,aanbieding,
67,Roze glittertrui met wijde mouwen,Stijlvolle gebreide trui met een prachtig vleugelpatroon op de schouder. Perfect voor een trendy en elegante look.,in stock,new,39.95 EUR,25.00 EUR,https://www.lou-marie.be/nl/shop/roze-glittertrui-met-wijde-mouwen-33?attribute_values=9,https://www.lou-marie.be/web/image/product.product/67/image_1920?unique=eaf19e5,,Lou-Marie,,Apparel & Accessories > Clothing > Shirts & Tops,Truien en vesten,roze,one size,female,adult,gebreid,,,25 tot 40,Truien en vesten,aanbieding,
204,Roze jurk print,Roze zomerjurk met print die sierlijk meebeweegt. Luchtig en vrouwelijk — de jurk waar je deze zomer niet meer uit wil.,in stock,new,39.95 EUR,25.00 EUR,https://www.lou-marie.be/nl/shop/roze-jurk-print-102?attribute_values=9,https://www.lou-marie.be/web/image/product.product/204/image_1920?unique=5bceb7f,"https://www.lou-marie.be/web/image/product.image/274/image_1920?unique=251115f,https://www.lou-marie.be/web/image/product.image/275/image_1920?unique=251115f",Lou-Marie,,Apparel & Accessories > Clothing > Dresses,Jurken,roze,one size,female,adult,,,Laatste stuk,25 tot 40,Jurken,aanbieding,
278,Roze kanten blouse,Roze kanten blouse met verfijnde afwerking. Een eyecatcher voor elke gelegenheid waar je net dat beetje extra wil uitstralen.,in stock,new,35.95 EUR,25.00 EUR,https://www.lou-marie.be/nl/shop/roze-kanten-blouse-136?attribute_values=3,https://www.lou-marie.be/web/image/product.product/278/image_1920?unique=ea7c55c,,Lou-Marie,,Apparel & Accessories > Clothing > Shirts & Tops,Blouses en tops,roze,L,female,adult,kant,,Laatste stuk,25 tot 40,Blouses en tops,aanbieding,
290,Roze sjaal,"Dubbelzijdige sjaal in lichtroze en wit. Twee zachte, vrouwelijke tinten die moeiteloos bij elkaar passen.",in stock,new,14.95 EUR,12.00 EUR,https://www.lou-marie.be/nl/shop/roze-sjaal-148?attribute_values=9,https://www.lou-marie.be/web/image/product.product/290/image_1920?unique=1e536ae,"https://www.lou-marie.be/web/image/product.image/164/image_1920?unique=12ee3aa,https://www.lou-marie.be/web/image/product.image/204/image_1920?unique=3b8a9f7",Lou-Marie,,Apparel & Accessories > Clothing Accessories > Scarves & Shawls,Sjaals,roze,one size,female,adult,,,,tot 25,Sjaals,aanbieding,
200,Roze sweater,"Felroze sweater in een zachte, cozy stof. Supercomfortabel en helemaal on-trend — je warme laag voor koelere dagen.",in stock,new,34.95 EUR,15.00 EUR,https://www.lou-marie.be/nl/shop/roze-sweater-98?attribute_values=9,https://www.lou-marie.be/web/image/product.product/200/image_1920?unique=f1d288c,,Lou-Marie,,Apparel & Accessories > Clothing > Shirts & Tops,Truien en vesten,roze,one size,female,adult,,,Laatste stuk,tot 25,Truien en vesten,aanbieding,
191,Roze t-shirt 'Essential soul',Fuchsia t-shirt met zilverkleurige print 'Essential Soul'. Een levendige statement piece die je outfit meteen een boost geeft.,in stock,new,34.95 EUR,20.00 EUR,https://www.lou-marie.be/nl/shop/roze-t-shirt-essential-soul-89?attribute_values=9,https://www.lou-marie.be/web/image/product.product/191/image_1920?unique=07a57a6,,Lou-Marie,,Apparel & Accessories > Clothing > Shirts & Tops,T-shirts,roze,one size,female,adult,,,,tot 25,T-shirts,aanbieding,
43,Roze vest gebreid,"Luchtig en stijlvol lichtgebreid vest, ideaal voor frisse lentedagen. Gemaakt van een comfortabele mix van polyamide, polyester, wol en elastaan voor een zachte en soepele pasvorm. Perfect voor een moeiteloze en elegante look.",in stock,new,44.95 EUR,15.00 EUR,https://www.lou-marie.be/nl/shop/roze-vest-gebreid-29?attribute_values=9,https://www.lou-marie.be/web/image/product.product/43/image_1920?unique=98c6999,"https://www.lou-marie.be/web/image/product.image/11/image_1920?unique=614e13b,https://www.lou-marie.be/web/image/product.image/13/image_1920?unique=446feb1",Lou-Marie,,Apparel & Accessories > Clothing > Shirts & Tops,Truien en vesten,roze,one size,female,adult,gebreid,,,tot 25,Truien en vesten,aanbieding,
212,Roze zomerjurk tetra,"Korte roze zomerjurk in zachte, ademende tetrastof. Effen, elegant en heerlijk comfortabel op de warmere dagen.",in stock,new,44.95 EUR,15.00 EUR,https://www.lou-marie.be/nl/shop/roze-zomerjurk-tetra-108?attribute_values=9,https://www.lou-marie.be/web/image/product.product/212/image_1920?unique=186862d,,Lou-Marie,,Apparel & Accessories > Clothing > Dresses,Jurken,roze,one size,female,adult,,,,tot 25,Jurken,aanbieding,
208,Roze zomershort bloemen & glitter (S/M),"Roze zomershort met bloemenprint en een subtiele gouden glans. Licht, vrolijk en zomers — ideaal voor vakantie of een warme dag.",in stock,new,44.95 EUR,15.00 EUR,https://www.lou-marie.be/nl/shop/roze-zomershort-bloemen-glitter-106?attribute_values=15,https://www.lou-marie.be/web/image/product.product/208/image_1920?unique=faa52d2,https://www.lou-marie.be/web/image/product.image/120/image_1920?unique=64b7742,Lou-Marie,106,Apparel & Accessories > Clothing > Shorts,"Broeken, shorts en rokken",roze,S/M,female,adult,,bloemenprint,,tot 25,"Broeken, shorts en rokken",aanbieding,
209,Roze zomershort bloemen & glitter (M/L),"Roze zomershort met bloemenprint en een subtiele gouden glans. Licht, vrolijk en zomers — ideaal voor vakantie of een warme dag.",in stock,new,44.95 EUR,15.00 EUR,https://www.lou-marie.be/nl/shop/roze-zomershort-bloemen-glitter-106?attribute_values=16,https://www.lou-marie.be/web/image/product.product/209/image_1920?unique=faa52d2,https://www.lou-marie.be/web/image/product.image/120/image_1920?unique=64b7742,Lou-Marie,106,Apparel & Accessories > Clothing > Shorts,"Broeken, shorts en rokken",roze,M/L,female,adult,,bloemenprint,,tot 25,"Broeken, shorts en rokken",aanbieding,
139,"Straight fit jeans, groen (42)",Een perfecte balans tussen stijl en comfort voor een moeiteloos chique look.,in stock,new,49.95 EUR,30.00 EUR,https://www.lou-marie.be/nl/shop/straight-fit-jeans-groen-58?attribute_values=13,https://www.lou-marie.be/web/image/product.product/139/image_1920?unique=4592624,https://www.lou-marie.be/web/image/product.image/151/image_1920?unique=47082b6,Lou-Marie,58,Apparel & Accessories > Clothing > Pants,"Broeken, shorts en rokken",groen,42,female,adult,,,ads,25 tot 40,"Broeken, shorts en rokken",aanbieding,
140,"Straight fit jeans, groen (44)",Een perfecte balans tussen stijl en comfort voor een moeiteloos chique look.,in stock,new,49.95 EUR,30.00 EUR,https://www.lou-marie.be/nl/shop/straight-fit-jeans-groen-58?attribute_values=14,https://www.lou-marie.be/web/image/product.product/140/image_1920?unique=4592624,https://www.lou-marie.be/web/image/product.image/151/image_1920?unique=47082b6,Lou-Marie,58,Apparel & Accessories > Clothing > Pants,"Broeken, shorts en rokken",groen,44,female,adult,,,ads,25 tot 40,"Broeken, shorts en rokken",aanbieding,
313,"Stretch pantalon met tailleriem, oudroze (S)","Oudroze stretchpantalon met bijhorende tailleriem. De soepele stretchstof beweegt moeiteloos met je mee en de zachte kleur geeft je outfit een frisse, elegante uitstraling.",in stock,new,54.95 EUR,44.00 EUR,https://www.lou-marie.be/nl/shop/stretch-pantalon-met-tailleriem-oudroze-162?attribute_values=1,https://www.lou-marie.be/web/image/product.product/313/image_1920?unique=ad9fa0b,"https://www.lou-marie.be/web/image/product.image/241/image_1920?unique=7452a52,https://www.lou-marie.be/web/image/product.image/242/image_1920?unique=7452a52",Lou-Marie,162,Apparel & Accessories > Clothing > Pants,"Broeken, shorts en rokken",oudroze,S,female,adult,,,ads,40 tot 55,"Broeken, shorts en rokken",aanbieding,
314,"Stretch pantalon met tailleriem, oudroze (M)","Oudroze stretchpantalon met bijhorende tailleriem. De soepele stretchstof beweegt moeiteloos met je mee en de zachte kleur geeft je outfit een frisse, elegante uitstraling.",in stock,new,54.95 EUR,44.00 EUR,https://www.lou-marie.be/nl/shop/stretch-pantalon-met-tailleriem-oudroze-162?attribute_values=2,https://www.lou-marie.be/web/image/product.product/314/image_1920?unique=ad9fa0b,"https://www.lou-marie.be/web/image/product.image/241/image_1920?unique=7452a52,https://www.lou-marie.be/web/image/product.image/242/image_1920?unique=7452a52",Lou-Marie,162,Apparel & Accessories > Clothing > Pants,"Broeken, shorts en rokken",oudroze,M,female,adult,,,ads,40 tot 55,"Broeken, shorts en rokken",aanbieding,
309,"Stretch pantalon, wit (S)","Witte stretchpantalon met een tijdloze snit en comfortabele pasvorm. Fris, stijlvol en eindeloos te combineren — met sneakers en een luchtige top, of net iets netter met een hak.",in stock,new,49.95 EUR,40.00 EUR,https://www.lou-marie.be/nl/shop/stretch-pantalon-wit-161?attribute_values=1,https://www.lou-marie.be/web/image/product.product/309/image_1920?unique=94449a9,,Lou-Marie,161,Apparel & Accessories > Clothing > Pants,"Broeken, shorts en rokken",wit,S,female,adult,,,ads,40 tot 55,"Broeken, shorts en rokken",aanbieding,
310,"Stretch pantalon, wit (M)","Witte stretchpantalon met een tijdloze snit en comfortabele pasvorm. Fris, stijlvol en eindeloos te combineren — met sneakers en een luchtige top, of net iets netter met een hak.",in stock,new,49.95 EUR,40.00 EUR,https://www.lou-marie.be/nl/shop/stretch-pantalon-wit-161?attribute_values=2,https://www.lou-marie.be/web/image/product.product/310/image_1920?unique=94449a9,,Lou-Marie,161,Apparel & Accessories > Clothing > Pants,"Broeken, shorts en rokken",wit,M,female,adult,,,ads,40 tot 55,"Broeken, shorts en rokken",aanbieding,
311,"Stretch pantalon, wit (L)","Witte stretchpantalon met een tijdloze snit en comfortabele pasvorm. Fris, stijlvol en eindeloos te combineren — met sneakers en een luchtige top, of net iets netter met een hak.",in stock,new,49.95 EUR,40.00 EUR,https://www.lou-marie.be/nl/shop/stretch-pantalon-wit-161?attribute_values=3,https://www.lou-marie.be/web/image/product.product/311/image_1920?unique=94449a9,,Lou-Marie,161,Apparel & Accessories > Clothing > Pants,"Broeken, shorts en rokken",wit,L,female,adult,,,ads,40 tot 55,"Broeken, shorts en rokken",aanbieding,
303,Sweater lichtblauw,"Lichtblauwe oversized sweater met tekstopdruk 'Le Marais'. Frisse kleur, minimalistische print en een heerlijk ruime pasvorm.",in stock,new,39.95 EUR,32.00 EUR,https://www.lou-marie.be/nl/shop/sweater-lichtblauw-158?attribute_values=9,https://www.lou-marie.be/web/image/product.product/303/image_1920?unique=42b9b59,https://www.lou-marie.be/web/image/product.image/236/image_1920?unique=a0db4d9,Lou-Marie,,Apparel & Accessories > Clothing > Shirts & Tops,Truien en vesten,lichtblauw,one size,female,adult,,,,25 tot 40,Truien en vesten,aanbieding,
302,Sweater lichtroze,"Lichtroze oversized sweater met tekstopdruk 'Le Marais'. Zachte kleur, minimalistische print en een heerlijk ruime pasvorm.",in stock,new,39.95 EUR,32.00 EUR,https://www.lou-marie.be/nl/shop/sweater-lichtroze-157?attribute_values=9,https://www.lou-marie.be/web/image/product.product/302/image_1920?unique=efbac0a,"https://www.lou-marie.be/web/image/product.image/234/image_1920?unique=f2c00d9,https://www.lou-marie.be/web/image/product.image/235/image_1920?unique=f2c00d9",Lou-Marie,,Apparel & Accessories > Clothing > Shirts & Tops,Truien en vesten,lichtroze,one size,female,adult,,,,25 tot 40,Truien en vesten,aanbieding,
34,Top luipaardprint,Perfect te dragen met een jeans of rok voor een trendy look. Dankzij het rekbare materiaal past de top zich moeiteloos aan jouw lichaam aan.,in stock,new,34.95 EUR,25.00 EUR,https://www.lou-marie.be/nl/shop/top-luipaardprint-20?attribute_values=9,https://www.lou-marie.be/web/image/product.product/34/image_1920?unique=d424786,https://www.lou-marie.be/web/image/product.image/218/image_1920?unique=c1485c4,Lou-Marie,,Apparel & Accessories > Clothing > Shirts & Tops,Blouses en tops,,one size,female,adult,,luipaardprint,,25 tot 40,Blouses en tops,aanbieding,
6,Trui bloemenprint,"Deze comfortabele trui is een perfecte combinatie van stijl en zachtheid. De gebreide stof is versierd met een charmante bloemenprint in warme rood- en groentinten, ideaal voor een casual maar vrouwelijke look. Met een ronde hals en lange mouwen is deze trui veelzijdig te dragen, of het nu met een rok, jeans of leren broek is.",in stock,new,44.95 EUR,25.00 EUR,https://www.lou-marie.be/nl/shop/trui-bloemenprint-3?attribute_values=9,https://www.lou-marie.be/web/image/product.product/6/image_1920?unique=8eb4852,https://www.lou-marie.be/web/image/product.image/9/image_1920?unique=82b8b2c,Lou-Marie,,Apparel & Accessories > Clothing > Shirts & Tops,Truien en vesten,rood,one size,female,adult,gebreid,bloemenprint,Laatste stuk,25 tot 40,Truien en vesten,aanbieding,
126,"Wide leg jeans, ecru/wit (38)","Deze jeans in ecru straalt een ontspannen elegantie uit. De twee voorzakken met gouden knopen zorgen voor een subtiel luxe detail, terwijl de decoratieve zak een verfijnde touch toevoegt zonder extra volume. De gerafelde zoom geeft deze veelzijdige broek een trendy, nonchalante uitstraling. Een perfecte balans tussen stijl en comfort voor een moeiteloos chique look.",in stock,new,54.95 EUR,35.00 EUR,https://www.lou-marie.be/nl/shop/wide-leg-jeans-ecru-wit-56?attribute_values=11,https://www.lou-marie.be/web/image/product.product/126/image_1920?unique=9276edb,"https://www.lou-marie.be/web/image/product.image/54/image_1920?unique=1396661,https://www.lou-marie.be/web/image/product.image/55/image_1920?unique=1396661,https://www.lou-marie.be/web/image/product.image/56/image_1920?unique=1396661,https://www.lou-marie.be/web/image/product.image/149/image_1920?unique=9b9fee5",Lou-Marie,56,Apparel & Accessories > Clothing > Pants,"Broeken, shorts en rokken",ecru,38,female,adult,,,ads,25 tot 40,"Broeken, shorts en rokken",aanbieding,
128,"Wide leg jeans, ecru/wit (42)","Deze jeans in ecru straalt een ontspannen elegantie uit. De twee voorzakken met gouden knopen zorgen voor een subtiel luxe detail, terwijl de decoratieve zak een verfijnde touch toevoegt zonder extra volume. De gerafelde zoom geeft deze veelzijdige broek een trendy, nonchalante uitstraling. Een perfecte balans tussen stijl en comfort voor een moeiteloos chique look.",in stock,new,54.95 EUR,35.00 EUR,https://www.lou-marie.be/nl/shop/wide-leg-jeans-ecru-wit-56?attribute_values=13,https://www.lou-marie.be/web/image/product.product/128/image_1920?unique=9276edb,"https://www.lou-marie.be/web/image/product.image/54/image_1920?unique=1396661,https://www.lou-marie.be/web/image/product.image/55/image_1920?unique=1396661,https://www.lou-marie.be/web/image/product.image/56/image_1920?unique=1396661,https://www.lou-marie.be/web/image/product.image/149/image_1920?unique=9b9fee5",Lou-Marie,56,Apparel & Accessories > Clothing > Pants,"Broeken, shorts en rokken",ecru,42,female,adult,,,ads,25 tot 40,"Broeken, shorts en rokken",aanbieding,
2,Wit gebreid vest striksluiting,Dit zachte open knit vest is een perfecte toevoeging aan je garderobe. De lichte en comfortabele stof voelt aangenaam aan en is ideaal voor laagjeslooks. Dankzij de neutrale kleur is het vest makkelijk te combineren met zowel casual als chique outfits. Een veelzijdig en tijdloos item voor elk seizoen.,in stock,new,44.95 EUR,15.00 EUR,https://www.lou-marie.be/nl/shop/wit-gebreid-vest-striksluiting-2?attribute_values=9,https://www.lou-marie.be/web/image/product.product/2/image_1920?unique=c25cd78,https://www.lou-marie.be/web/image/product.image/3/image_1920?unique=6f56b0a,Lou-Marie,,Apparel & Accessories > Clothing > Shirts & Tops,Truien en vesten,wit,one size,female,adult,gebreid,,,tot 25,Truien en vesten,aanbieding,
297,Wit gebreide trui met kant & pailletten,Witte gebreide trui met kanten voorpand en pailletten in bladvorm. Romantisch en verfijnd — comfort en elegantie in één.,in stock,new,44.95 EUR,36.00 EUR,https://www.lou-marie.be/nl/shop/wit-gebreide-trui-met-kant-pailletten-152?attribute_values=9,https://www.lou-marie.be/web/image/product.product/297/image_1920?unique=38f4294,"https://www.lou-marie.be/web/image/product.image/229/image_1920?unique=876ff0a,https://www.lou-marie.be/web/image/product.image/230/image_1920?unique=876ff0a,https://www.lou-marie.be/web/image/product.image/231/image_1920?unique=876ff0a",Lou-Marie,,Apparel & Accessories > Clothing > Shirts & Tops,Truien en vesten,wit,one size,female,adult,gebreid,,,25 tot 40,Truien en vesten,aanbieding,
154,Wit jasje velours,"Wit bomberjack in corduroy. Licht van gewicht, comfortabele moderne pasvorm — ideaal voor voorjaar en zomer.",in stock,new,49.50 EUR,25.00 EUR,https://www.lou-marie.be/nl/shop/wit-jasje-velours-67?attribute_values=7,https://www.lou-marie.be/web/image/product.product/154/image_1920?unique=824d377,"https://www.lou-marie.be/web/image/product.image/105/image_1920?unique=45b5525,https://www.lou-marie.be/web/image/product.image/106/image_1920?unique=45b5525,https://www.lou-marie.be/web/image/product.image/148/image_1920?unique=5798f24",Lou-Marie,,Apparel & Accessories > Clothing > Outerwear > Coats & Jackets,Jassen en blazers,wit,XL,female,adult,ribfluweel,,,25 tot 40,Jassen en blazers,aanbieding,
193,Wit t-shirt croissant blauw,Wit t-shirt met blauwe 'Parisienne'-print en croissant. Een vleugje Franse flair voor je dagelijkse look.,in stock,new,29.95 EUR,15.00 EUR,https://www.lou-marie.be/nl/shop/wit-t-shirt-croissant-blauw-91?attribute_values=9,https://www.lou-marie.be/web/image/product.product/193/image_1920?unique=94257e0,,Lou-Marie,,Apparel & Accessories > Clothing > Shirts & Tops,T-shirts,wit,one size,female,adult,,,,tot 25,T-shirts,aanbieding,
194,Wit t-shirt croissant groen,Wit t-shirt met groene 'Parisienne'-print en croissant. Een vleugje Franse flair voor je dagelijkse look.,in stock,new,29.95 EUR,15.00 EUR,https://www.lou-marie.be/nl/shop/wit-t-shirt-croissant-groen-92?attribute_values=9,https://www.lou-marie.be/web/image/product.product/194/image_1920?unique=a082a5a,,Lou-Marie,,Apparel & Accessories > Clothing > Shirts & Tops,T-shirts,wit,one size,female,adult,,,,tot 25,T-shirts,aanbieding,
320,Wit t-shirt fiets blauw met strass,Wit t-shirt met blauwe fietsprint en subtiele strass-steentjes. De perfecte mix van casual en stijlvol.,in stock,new,34.95 EUR,29.95 EUR,https://www.lou-marie.be/nl/shop/wit-t-shirt-fiets-blauw-met-strass-167?attribute_values=9,https://www.lou-marie.be/web/image/product.product/320/image_1920?unique=e3f284e,,Lou-Marie,,Apparel & Accessories > Clothing > Shirts & Tops,T-shirts,wit,one size,female,adult,,,Lente/zomer 26,25 tot 40,T-shirts,aanbieding,
316,Wit t-shirt parfum lichtblauw,Wit t-shirt met lichtblauwe parfumflesjes-print. Minimalisme met een vleugje Franse charme.,in stock,new,34.95 EUR,25.00 EUR,https://www.lou-marie.be/nl/shop/wit-t-shirt-parfum-lichtblauw-163?attribute_values=9,https://www.lou-marie.be/web/image/product.product/316/image_1920?unique=cad2d08,https://www.lou-marie.be/web/image/product.image/249/image_1920?unique=f127426,Lou-Marie,,Apparel & Accessories > Clothing > Shirts & Tops,T-shirts,wit,one size,female,adult,,,,25 tot 40,T-shirts,aanbieding,
318,Wit t-shirt parfum roze,Wit t-shirt met roze parfumflesjes-print. Minimalisme met een vleugje Franse charme.,in stock,new,34.95 EUR,15.00 EUR,https://www.lou-marie.be/nl/shop/wit-t-shirt-parfum-roze-165?attribute_values=9,https://www.lou-marie.be/web/image/product.product/318/image_1920?unique=d2f36a9,https://www.lou-marie.be/web/image/product.image/252/image_1920?unique=d56f7e7,Lou-Marie,,Apparel & Accessories > Clothing > Shirts & Tops,T-shirts,wit,one size,female,adult,,,Lente/zomer 26,tot 25,T-shirts,aanbieding,
280,Wit t-shirt print 'Dolce vita',"Wit t-shirt met speelse 'La dolce vita'-print in zachte katoen. Een ode aan het goede leven, comfortabel de hele dag.",in stock,new,29.95 EUR,15.00 EUR,https://www.lou-marie.be/nl/shop/wit-t-shirt-print-dolce-vita-138?attribute_values=9,https://www.lou-marie.be/web/image/product.product/280/image_1920?unique=194d199,https://www.lou-marie.be/web/image/product.image/140/image_1920?unique=7b125c5,Lou-Marie,,Apparel & Accessories > Clothing > Shirts & Tops,T-shirts,wit,one size,female,adult,katoen,,,tot 25,T-shirts,aanbieding,
319,Wit t-shirt roze bloem strass,Wit t-shirt met een roze bloem afgewerkt in strass-steentjes. Allesbehalve basic — meteen een elegante touch.,in stock,new,34.95 EUR,25.00 EUR,https://www.lou-marie.be/nl/shop/wit-t-shirt-roze-bloem-strass-166?attribute_values=9,https://www.lou-marie.be/web/image/product.product/319/image_1920?unique=1619d94,,Lou-Marie,,Apparel & Accessories > Clothing > Shirts & Tops,T-shirts,wit,one size,female,adult,,,Lente/zomer 26,25 tot 40,T-shirts,aanbieding,
78,Wit vest gebreid,"Luchtig en stijlvol lichtgebreid vest, ideaal voor frisse lentedagen. Gemaakt van een comfortabele mix van polyamide, polyester, wol en elastaan voor een zachte en soepele pasvorm. Perfect voor een moeiteloze en elegante look.",in stock,new,44.95 EUR,25.00 EUR,https://www.lou-marie.be/nl/shop/wit-vest-gebreid-40?attribute_values=9,https://www.lou-marie.be/web/image/product.product/78/image_1920?unique=79bf686,,Lou-Marie,,Apparel & Accessories > Clothing > Shirts & Tops,Truien en vesten,wit,one size,female,adult,gebreid,,,25 tot 40,Truien en vesten,aanbieding,
77,Wit vest glitter en gouden knopen,"Deze fur cardigan combineert luxe en comfort. Heerlijk zacht en stijlvol, perfect om elke outfit een elegante touch te geven.",in stock,new,59.95 EUR,25.00 EUR,https://www.lou-marie.be/nl/shop/wit-vest-glitter-en-gouden-knopen-39?attribute_values=9,https://www.lou-marie.be/web/image/product.product/77/image_1920?unique=29e0f37,https://www.lou-marie.be/web/image/product.image/213/image_1920?unique=0f46674,Lou-Marie,,Apparel & Accessories > Clothing > Shirts & Tops,Truien en vesten,wit,one size,female,adult,,,,25 tot 40,Truien en vesten,aanbieding,
161,Wit zomershort (S),"Witte zomershort in een lichte, rekbare stof met elastische taille. Ademend en comfortabel — ideaal voor voorjaar en zomer.",in stock,new,29.95 EUR,15.00 EUR,https://www.lou-marie.be/nl/shop/wit-zomershort-70?attribute_values=1,https://www.lou-marie.be/web/image/product.product/161/image_1920?unique=b701952,"https://www.lou-marie.be/web/image/product.image/71/image_1920?unique=23c89fe,https://www.lou-marie.be/web/image/product.image/72/image_1920?unique=23c89fe,https://www.lou-marie.be/web/image/product.image/73/image_1920?unique=23c89fe,https://www.lou-marie.be/web/image/product.image/74/image_1920?unique=23c89fe",Lou-Marie,70,Apparel & Accessories > Clothing > Shorts,"Broeken, shorts en rokken",wit,S,female,adult,,,,tot 25,"Broeken, shorts en rokken",aanbieding,
162,Wit zomershort (M),"Witte zomershort in een lichte, rekbare stof met elastische taille. Ademend en comfortabel — ideaal voor voorjaar en zomer.",in stock,new,29.95 EUR,15.00 EUR,https://www.lou-marie.be/nl/shop/wit-zomershort-70?attribute_values=2,https://www.lou-marie.be/web/image/product.product/162/image_1920?unique=b701952,"https://www.lou-marie.be/web/image/product.image/71/image_1920?unique=23c89fe,https://www.lou-marie.be/web/image/product.image/72/image_1920?unique=23c89fe,https://www.lou-marie.be/web/image/product.image/73/image_1920?unique=23c89fe,https://www.lou-marie.be/web/image/product.image/74/image_1920?unique=23c89fe",Lou-Marie,70,Apparel & Accessories > Clothing > Shorts,"Broeken, shorts en rokken",wit,M,female,adult,,,,tot 25,"Broeken, shorts en rokken",aanbieding,
264,Witte blouse met kant (S),Witte blouse met een verfijnde kanten halslijn. Een klassieker met een moderne twist — vrouwelijk en romantisch.,in stock,new,32.50 EUR,15.00 EUR,https://www.lou-marie.be/nl/shop/witte-blouse-met-kant-128?attribute_values=1,https://www.lou-marie.be/web/image/product.product/264/image_1920?unique=624afbd,"https://www.lou-marie.be/web/image/product.image/135/image_1920?unique=23832a3,https://www.lou-marie.be/web/image/product.image/136/image_1920?unique=23832a3,https://www.lou-marie.be/web/image/product.image/147/image_1920?unique=eb047de",Lou-Marie,128,Apparel & Accessories > Clothing > Shirts & Tops,Blouses en tops,wit,S,female,adult,kant,,,tot 25,Blouses en tops,aanbieding,
265,Witte blouse met kant (M),Witte blouse met een verfijnde kanten halslijn. Een klassieker met een moderne twist — vrouwelijk en romantisch.,in stock,new,32.50 EUR,15.00 EUR,https://www.lou-marie.be/nl/shop/witte-blouse-met-kant-128?attribute_values=2,https://www.lou-marie.be/web/image/product.product/265/image_1920?unique=624afbd,"https://www.lou-marie.be/web/image/product.image/135/image_1920?unique=23832a3,https://www.lou-marie.be/web/image/product.image/136/image_1920?unique=23832a3,https://www.lou-marie.be/web/image/product.image/147/image_1920?unique=eb047de",Lou-Marie,128,Apparel & Accessories > Clothing > Shirts & Tops,Blouses en tops,wit,M,female,adult,kant,,,tot 25,Blouses en tops,aanbieding,
288,Witte sjaal print,Superzachte sjaal in ecruwit met print. Een elegant accessoire dat bij zowat elke jas en trui past.,in stock,new,14.95 EUR,12.00 EUR,https://www.lou-marie.be/nl/shop/witte-sjaal-print-146?attribute_values=9,https://www.lou-marie.be/web/image/product.product/288/image_1920?unique=63c811b,"https://www.lou-marie.be/web/image/product.image/202/image_1920?unique=c715253,https://www.lou-marie.be/web/image/product.image/203/image_1920?unique=c715253",Lou-Marie,,Apparel & Accessories > Clothing Accessories > Scarves & Shawls,Sjaals,wit,one size,female,adult,,,,tot 25,Sjaals,aanbieding,
216,Witte stretchtop glitter,Elegante ribgebreide tanktop met subtiele lurex details langs de hals en armsgaten. De fijne mesh afwerking geeft een verfijnde en vrouwelijke touch.,in stock,new,24.95 EUR,20.00 EUR,https://www.lou-marie.be/nl/shop/witte-stretchtop-glitter-31?attribute_values=16,https://www.lou-marie.be/web/image/product.product/216/image_1920?unique=60da64a,,Lou-Marie,,Apparel & Accessories > Clothing > Shirts & Tops,Blouses en tops,wit,M/L,female,adult,lurex,,,tot 25,Blouses en tops,aanbieding,
8,Witte trui kant,"Deze witte trui straalt eenvoud en verfijning uit dankzij de delicate breiwerkdetails rond de hals en mouwen. Gemaakt van een hoogwaardige mix van polyester, polyamide en acryl, biedt deze trui een zacht en comfortabel gevoel, perfect voor dagelijks gebruik of meer casual chic gelegenheden.",in stock,new,52.95 EUR,25.00 EUR,https://www.lou-marie.be/nl/shop/witte-trui-kant-5?attribute_values=9,https://www.lou-marie.be/web/image/product.product/8/image_1920?unique=12ddefc,https://www.lou-marie.be/web/image/product.image/8/image_1920?unique=633d8b5,Lou-Marie,,Apparel & Accessories > Clothing > Shirts & Tops,Truien en vesten,wit,one size,female,adult,kant,,,25 tot 40,Truien en vesten,aanbieding,
205,Witte zomerjurk tetra,"Korte witte zomerjurk in zachte, ademende tetrastof. Effen, elegant en heerlijk comfortabel op de warmere dagen.",in stock,new,44.95 EUR,15.00 EUR,https://www.lou-marie.be/nl/shop/witte-zomerjurk-tetra-103?attribute_values=9,https://www.lou-marie.be/web/image/product.product/205/image_1920?unique=08f62a0,https://www.lou-marie.be/web/image/product.image/118/image_1920?unique=3374d7f,Lou-Marie,,Apparel & Accessories > Clothing > Dresses,Jurken,wit,one size,female,adult,,,,tot 25,Jurken,aanbieding,
60,Zwart short tweed & glitter (S),"Perfect te combineren met een blouse of top voor een stijlvolle look, zowel casual als chic. Leuk te combineren met onze blouse met luipaardprint en ruches.",in stock,new,39.95 EUR,32.00 EUR,https://www.lou-marie.be/nl/shop/zwart-short-tweed-glitter-11?attribute_values=1,https://www.lou-marie.be/web/image/product.product/60/image_1920?unique=3ab93a4,,Lou-Marie,11,Apparel & Accessories > Clothing > Shorts,"Broeken, shorts en rokken",zwart,S,female,adult,tweed,luipaardprint,ads,25 tot 40,"Broeken, shorts en rokken",aanbieding,
61,Zwart short tweed & glitter (L),"Perfect te combineren met een blouse of top voor een stijlvolle look, zowel casual als chic. Leuk te combineren met onze blouse met luipaardprint en ruches.",in stock,new,39.95 EUR,32.00 EUR,https://www.lou-marie.be/nl/shop/zwart-short-tweed-glitter-11?attribute_values=3,https://www.lou-marie.be/web/image/product.product/61/image_1920?unique=3ab93a4,,Lou-Marie,11,Apparel & Accessories > Clothing > Shorts,"Broeken, shorts en rokken",zwart,L,female,adult,tweed,luipaardprint,ads,25 tot 40,"Broeken, shorts en rokken",aanbieding,
19,Zwarte blouse satijnlook met kant (M),"Deze verfijnde zwarte blouse straalt elegantie en vrouwelijkheid uit door het gebruik van rijke kanten details die langs de V-hals en het midden van de blouse lopen. Gemaakt van een zachte, licht glanzende stof, biedt deze blouse een comfortabele pasvorm en een luxe uitstraling. De lange mouwen voegen een klassiek element toe, terwijl de contrasterende structuur van kant en stof zorgt voor een stijlvolle en moderne look.",in stock,new,39.95 EUR,28.00 EUR,https://www.lou-marie.be/nl/shop/zwarte-blouse-satijnlook-met-kant-10?attribute_values=2,https://www.lou-marie.be/web/image/product.product/19/image_1920?unique=ae5815e,,Lou-Marie,10,Apparel & Accessories > Clothing > Shirts & Tops,Blouses en tops,zwart,M,female,adult,kant,,,25 tot 40,Blouses en tops,aanbieding,
20,Zwarte blouse satijnlook met kant (L),"Deze verfijnde zwarte blouse straalt elegantie en vrouwelijkheid uit door het gebruik van rijke kanten details die langs de V-hals en het midden van de blouse lopen. Gemaakt van een zachte, licht glanzende stof, biedt deze blouse een comfortabele pasvorm en een luxe uitstraling. De lange mouwen voegen een klassiek element toe, terwijl de contrasterende structuur van kant en stof zorgt voor een stijlvolle en moderne look.",in stock,new,39.95 EUR,28.00 EUR,https://www.lou-marie.be/nl/shop/zwarte-blouse-satijnlook-met-kant-10?attribute_values=3,https://www.lou-marie.be/web/image/product.product/20/image_1920?unique=ae5815e,,Lou-Marie,10,Apparel & Accessories > Clothing > Shirts & Tops,Blouses en tops,zwart,L,female,adult,kant,,,25 tot 40,Blouses en tops,aanbieding,
68,Zwarte glittertrui wijde mouwen,Zwarte gebreide glittertrui met brede vlindermouwen en een vleugelpatroon met strass op de schouder. Een ware eyecatcher.,in stock,new,39.95 EUR,28.00 EUR,https://www.lou-marie.be/nl/shop/zwarte-glittertrui-wijde-mouwen-34?attribute_values=9,https://www.lou-marie.be/web/image/product.product/68/image_1920?unique=de73200,"https://www.lou-marie.be/web/image/product.image/221/image_1920?unique=c20a25c,https://www.lou-marie.be/web/image/product.image/222/image_1920?unique=c20a25c",Lou-Marie,,Apparel & Accessories > Clothing > Shirts & Tops,Truien en vesten,zwart,one size,female,adult,gebreid,,,25 tot 40,Truien en vesten,aanbieding,
107,Zwarte pantalon hoge taille (S),"Elegante zwarte high-waisted broek met een rechte pasvorm. Voorzien van riemlussen, twee goudkleurige knopen aan de voorkant en een handige ritssluiting. Functionele voorzakken en stijlvolle nepzakken achter. Een classy en chique must-have voor elke garderobe!",in stock,new,32.95 EUR,15.00 EUR,https://www.lou-marie.be/nl/shop/zwarte-pantalon-hoge-taille-51?attribute_values=1,https://www.lou-marie.be/web/image/product.product/107/image_1920?unique=f11150e,"https://www.lou-marie.be/web/image/product.image/34/image_1920?unique=26ab774,https://www.lou-marie.be/web/image/product.image/35/image_1920?unique=26ab774,https://www.lou-marie.be/web/image/product.image/36/image_1920?unique=26ab774,https://www.lou-marie.be/web/image/product.image/37/image_1920?unique=26ab774",Lou-Marie,51,Apparel & Accessories > Clothing > Pants,"Broeken, shorts en rokken",zwart,S,female,adult,,,,tot 25,"Broeken, shorts en rokken",aanbieding,
108,Zwarte pantalon hoge taille (L),"Elegante zwarte high-waisted broek met een rechte pasvorm. Voorzien van riemlussen, twee goudkleurige knopen aan de voorkant en een handige ritssluiting. Functionele voorzakken en stijlvolle nepzakken achter. Een classy en chique must-have voor elke garderobe!",in stock,new,32.95 EUR,15.00 EUR,https://www.lou-marie.be/nl/shop/zwarte-pantalon-hoge-taille-51?attribute_values=3,https://www.lou-marie.be/web/image/product.product/108/image_1920?unique=f11150e,"https://www.lou-marie.be/web/image/product.image/34/image_1920?unique=26ab774,https://www.lou-marie.be/web/image/product.image/35/image_1920?unique=26ab774,https://www.lou-marie.be/web/image/product.image/36/image_1920?unique=26ab774,https://www.lou-marie.be/web/image/product.image/37/image_1920?unique=26ab774",Lou-Marie,51,Apparel & Accessories > Clothing > Pants,"Broeken, shorts en rokken",zwart,L,female,adult,,,,tot 25,"Broeken, shorts en rokken",aanbieding,
31,Zwarte top kant (S),"Dit verfijnde T-shirt is gemaakt van semi-transparante zwarte kant, perfect voor een chique en stijlvolle uitstraling. Met lange mouwen en een ronde hals biedt dit kledingstuk veelzijdigheid: draag het als een subtiele top of als een elegante onderlaag bij een jurk. Een must-have voor een tijdloze garderobe.",in stock,new,34.95 EUR,25.00 EUR,https://www.lou-marie.be/nl/shop/zwarte-top-kant-17?attribute_values=1,https://www.lou-marie.be/web/image/product.product/31/image_1920?unique=f0ca464,https://www.lou-marie.be/web/image/product.image/215/image_1920?unique=334247e,Lou-Marie,17,Apparel & Accessories > Clothing > Shirts & Tops,Blouses en tops,zwart,S,female,adult,kant,,,25 tot 40,Blouses en tops,aanbieding,
32,Zwarte top kant (M),"Dit verfijnde T-shirt is gemaakt van semi-transparante zwarte kant, perfect voor een chique en stijlvolle uitstraling. Met lange mouwen en een ronde hals biedt dit kledingstuk veelzijdigheid: draag het als een subtiele top of als een elegante onderlaag bij een jurk. Een must-have voor een tijdloze garderobe.",in stock,new,34.95 EUR,25.00 EUR,https://www.lou-marie.be/nl/shop/zwarte-top-kant-17?attribute_values=2,https://www.lou-marie.be/web/image/product.product/32/image_1920?unique=f0ca464,https://www.lou-marie.be/web/image/product.image/215/image_1920?unique=334247e,Lou-Marie,17,Apparel & Accessories > Clothing > Shirts & Tops,Blouses en tops,zwart,M,female,adult,kant,,,25 tot 40,Blouses en tops,aanbieding,
33,Zwarte top kant (L),"Dit verfijnde T-shirt is gemaakt van semi-transparante zwarte kant, perfect voor een chique en stijlvolle uitstraling. Met lange mouwen en een ronde hals biedt dit kledingstuk veelzijdigheid: draag het als een subtiele top of als een elegante onderlaag bij een jurk. Een must-have voor een tijdloze garderobe.",in stock,new,34.95 EUR,25.00 EUR,https://www.lou-marie.be/nl/shop/zwarte-top-kant-17?attribute_values=3,https://www.lou-marie.be/web/image/product.product/33/image_1920?unique=f0ca464,https://www.lou-marie.be/web/image/product.image/215/image_1920?unique=334247e,Lou-Marie,17,Apparel & Accessories > Clothing > Shirts & Tops,Blouses en tops,zwart,L,female,adult,kant,,,25 tot 40,Blouses en tops,aanbieding,
